Kanton,Bezirk_Name,Bezirk_Nr,Gemeinde_Name,Gemeinde_Nr,id,rss,portal,Gemeinde_Name_prose
ZH,Dietikon,111,Aesch (ZH),241,nwch:2566,https://www.limmattalerzeitung.ch/gemeinde/aesch-zh-8904.rss,nwch:liz2016,Aesch
ZH,Dietikon,111,Birmensdorf (ZH),242,nwch:2567,https://www.limmattalerzeitung.ch/gemeinde/birmensdorf-zh-8903.rss,nwch:liz2016,Birmensdorf
ZH,Dietikon,111,Dietikon,243,nwch:878,https://www.limmattalerzeitung.ch/gemeinde/dietikon-8953.rss,nwch:liz2016,Dietikon
ZH,Dietikon,111,Geroldswil,244,nwch:917,https://www.limmattalerzeitung.ch/gemeinde/geroldswil-8954.rss,nwch:liz2016,Geroldswil
ZH,Dietikon,111,Oberengstringen,245,nwch:984,https://www.limmattalerzeitung.ch/gemeinde/oberengstringen-8102.rss,nwch:liz2016,Oberengstringen
ZH,Dietikon,111,Oetwil an der Limmat,246,nwch:2569,https://www.limmattalerzeitung.ch/gemeinde/oetwil-an-der-limmat-8955.rss,nwch:liz2016,Oetwil an der Limmat
ZH,Dietikon,111,Schlieren,247,nwch:2479,https://www.limmattalerzeitung.ch/gemeinde/schlieren-8952.rss,nwch:liz2016,Schlieren
ZH,Dietikon,111,Uitikon,248,nwch:2517,https://www.limmattalerzeitung.ch/gemeinde/uitikon-8142.rss,nwch:liz2016,Uitikon
ZH,Dietikon,111,Unterengstringen,249,nwch:1022,https://www.limmattalerzeitung.ch/gemeinde/unterengstringen-8103.rss,nwch:liz2016,Unterengstringen
ZH,Dietikon,111,Urdorf,250,nwch:1024,https://www.limmattalerzeitung.ch/gemeinde/urdorf-8902.rss,nwch:liz2016,Urdorf
ZH,Dietikon,111,Weiningen (ZH),251,nwch:2570,https://www.limmattalerzeitung.ch/gemeinde/weiningen-zh-8104.rss,nwch:liz2016,Weiningen
ZH,Zürich,112,Zürich,261,nwch:1058,https://www.limmattalerzeitung.ch/gemeinde/zuerich-8000.rss,nwch:liz2016,Zürich
BE,Seeland,243,Arch,381,nwch:271,https://www.grenchnertagblatt.ch/gemeinde/arch-3296.rss,nwch:gtb2016,Arch
BE,Seeland,243,Büren an der Aare,383,nwch:2560,https://www.grenchnertagblatt.ch/gemeinde/bueren-an-der-aare-3294.rss,nwch:gtb2016,Büren an der Aare
BE,Biel/Bienne,242,Lengnau (BE),387,nwch:2561,https://www.grenchnertagblatt.ch/gemeinde/lengnau-be-2543.rss,nwch:gtb2016,Lengnau
BE,Seeland,243,Leuzigen,388,nwch:356,https://www.grenchnertagblatt.ch/gemeinde/leuzigen-3297.rss,nwch:gtb2016,Leuzigen
BE,Biel/Bienne,242,Pieterlen,392,nwch:621,https://www.grenchnertagblatt.ch/gemeinde/pieterlen-2542.rss,nwch:gtb2016,Pieterlen
BE,Seeland,243,Rüti bei Büren,393,nwch:2563,https://www.grenchnertagblatt.ch/gemeinde/rueti-bei-bueren-3295.rss,nwch:gtb2016,Rüti bei Büren
BE,Emmental,245,Bätterkinden,533,nwch:1515,https://www.solothurnerzeitung.ch/gemeinde/baetterkinden-3315.rss,nwch:soz2016,Bätterkinden
BE,Emmental,245,Utzenstorf,552,nwch:544,https://www.solothurnerzeitung.ch/gemeinde/utzenstorf-3427.rss,nwch:soz2016,Utzenstorf
BE,Emmental,245,Zielebach,556,nwch:701,https://www.solothurnerzeitung.ch/gemeinde/zielebach-4564.rss,nwch:soz2016,Zielebach
BE,Oberaargau,244,Attiswil,971,nwch:274,https://www.solothurnerzeitung.ch/gemeinde/attiswil-4536.rss,nwch:soz2016,Attiswil
BE,Oberaargau,244,Farnern,975,nwch:1632,https://www.solothurnerzeitung.ch/gemeinde/farnern-4539.rss,nwch:soz2016,Farnern
BE,Oberaargau,244,Niederbipp,981,nwch:1895,https://www.solothurnerzeitung.ch/gemeinde/niederbipp-4704.rss,nwch:soz2016,Niederbipp
BE,Oberaargau,244,Oberbipp,983,nwch:605,https://www.solothurnerzeitung.ch/gemeinde/oberbipp-4538.rss,nwch:soz2016,Oberbipp
BE,Oberaargau,244,Rumisberg,987,nwch:419,https://www.solothurnerzeitung.ch/gemeinde/rumisberg-4539.rss,nwch:soz2016,Rumisberg
BE,Oberaargau,244,Wangen an der Aare,992,nwch:2623,https://www.solothurnerzeitung.ch/gemeinde/wangen-an-der-aare-3380.rss,nwch:soz2016,Wangen an der Aare
BE,Oberaargau,244,Wiedlisbach,995,nwch:394,https://www.solothurnerzeitung.ch/gemeinde/wiedlisbach-4537.rss,nwch:soz2016,Wiedlisbach
LU,Entlebuch,316,Doppleschwand,1001,1g1jr,https://luzernerzeitung.ch/gemeinde/doppleschwand-6112.rss,luzernerzeitung,Doppleschwand
LU,Entlebuch,316,Entlebuch,1002,16uSA,https://luzernerzeitung.ch/gemeinde/entlebuch-6162.rss,luzernerzeitung,Entlebuch
LU,Entlebuch,316,Flühli,1004,7EFay,https://luzernerzeitung.ch/gemeinde/fluehli-6173.rss,luzernerzeitung,Flühli
LU,Entlebuch,316,Hasle (LU),1005,17pdT,https://luzernerzeitung.ch/gemeinde/hasle-6166.rss,luzernerzeitung,Hasle
LU,Entlebuch,316,Romoos,1007,1Lhv1,https://luzernerzeitung.ch/gemeinde/romoos-6113.rss,luzernerzeitung,Romoos
LU,Entlebuch,316,Schüpfheim,1008,1ooBm,https://luzernerzeitung.ch/gemeinde/schuepfheim-6170.rss,luzernerzeitung,Schüpfheim
LU,Entlebuch,316,Werthenstein,1009,1T9Vk,https://luzernerzeitung.ch/gemeinde/werthenstein-6106.rss,luzernerzeitung,Werthenstein
LU,Entlebuch,316,Escholzmatt-Marbach,1010,18bM0,https://luzernerzeitung.ch/gemeinde/escholzmatt-6182.rss,luzernerzeitung,Escholzmatt-Marbach
LU,Hochdorf,313,Aesch (LU),1021,1AeLp,https://luzernerzeitung.ch/gemeinde/aesch-6287.rss,luzernerzeitung,Aesch
LU,Hochdorf,313,Ballwil,1023,12rpl,https://luzernerzeitung.ch/gemeinde/ballwil-6275.rss,luzernerzeitung,Ballwil
LU,Hochdorf,313,Emmen,1024,1HgKm,https://luzernerzeitung.ch/gemeinde/emmen-6032.rss,luzernerzeitung,Emmen
LU,Hochdorf,313,Ermensee,1025,1gri0,https://luzernerzeitung.ch/gemeinde/ermensee-6294.rss,luzernerzeitung,Ermensee
LU,Hochdorf,313,Eschenbach (LU),1026,16Wxy,https://luzernerzeitung.ch/gemeinde/eschenbach-6274.rss,luzernerzeitung,Eschenbach
LU,Hochdorf,313,Hitzkirch,1030,1DIPV,https://luzernerzeitung.ch/gemeinde/altwis-6286.rss,luzernerzeitung,Hitzkirch
LU,Hochdorf,313,Hochdorf,1031,7NIZF,https://luzernerzeitung.ch/gemeinde/hochdorf-6280.rss,luzernerzeitung,Hochdorf
LU,Hochdorf,313,Hohenrain,1032,110Sy,https://luzernerzeitung.ch/gemeinde/hohenrain-6276.rss,luzernerzeitung,Hohenrain
LU,Hochdorf,313,Inwil,1033,1nFoT,https://luzernerzeitung.ch/gemeinde/inwil-6034.rss,luzernerzeitung,Inwil
LU,Hochdorf,313,Rain,1037,1GuaF,https://luzernerzeitung.ch/gemeinde/rain-6026.rss,luzernerzeitung,Rain
LU,Hochdorf,313,Römerswil,1039,1JDOm,https://luzernerzeitung.ch/gemeinde/roemerswil-6027.rss,luzernerzeitung,Römerswil
LU,Hochdorf,313,Rothenburg,1040,1xD0l,https://luzernerzeitung.ch/gemeinde/rothenburg-6023.rss,luzernerzeitung,Rothenburg
LU,Hochdorf,313,Schongau,1041,1pbTh,https://luzernerzeitung.ch/gemeinde/schongau-6288.rss,luzernerzeitung,Schongau
LU,Luzern-Land,312,Adligenswil,1051,7kS4s,https://luzernerzeitung.ch/gemeinde/adligenswil-6043.rss,luzernerzeitung,Adligenswil
LU,Luzern-Land,312,Buchrain,1052,1ePvV,https://luzernerzeitung.ch/gemeinde/buchrain-6033.rss,luzernerzeitung,Buchrain
LU,Luzern-Land,312,Dierikon,1053,1dP4X,https://luzernerzeitung.ch/gemeinde/dierikon-6036.rss,luzernerzeitung,Dierikon
LU,Luzern-Land,312,Ebikon,1054,1FVe0,https://luzernerzeitung.ch/gemeinde/ebikon-6030.rss,luzernerzeitung,Ebikon
LU,Luzern-Land,312,Gisikon,1055,18S6r,https://luzernerzeitung.ch/gemeinde/gisikon-6038.rss,luzernerzeitung,Gisikon
LU,Luzern-Land,312,Greppen,1056,77Jot,https://luzernerzeitung.ch/gemeinde/greppen-6404.rss,luzernerzeitung,Greppen
LU,Luzern-Land,312,Honau,1057,7EgUA,https://luzernerzeitung.ch/gemeinde/honau-6038.rss,luzernerzeitung,Honau
LU,Luzern-Land,312,Horw,1058,1bP0k,https://luzernerzeitung.ch/gemeinde/horw-6048.rss,luzernerzeitung,Horw
LU,Luzern-Land,312,Kriens,1059,15CRQ,https://luzernerzeitung.ch/gemeinde/kriens-6010.rss,luzernerzeitung,Kriens
LU,Luzern-Stadt,311,Luzern,1061,1ygaE,https://luzernerzeitung.ch/gemeinde/stadt-luzern-6003.rss,luzernerzeitung,Luzern
LU,Luzern-Land,312,Malters,1062,1oJX1,https://luzernerzeitung.ch/gemeinde/malters-6102.rss,luzernerzeitung,Malters
LU,Luzern-Land,312,Meggen,1063,1iSyf,https://luzernerzeitung.ch/gemeinde/meggen-6045.rss,luzernerzeitung,Meggen
LU,Luzern-Land,312,Meierskappel,1064,17txF,https://luzernerzeitung.ch/gemeinde/meierskappel-6344.rss,luzernerzeitung,Meierskappel
LU,Luzern-Land,312,Root,1065,1LIDm,https://luzernerzeitung.ch/gemeinde/root-6037.rss,luzernerzeitung,Root
LU,Luzern-Land,312,Schwarzenberg,1066,1aSh2,https://luzernerzeitung.ch/gemeinde/schwarzenberg-6103.rss,luzernerzeitung,Schwarzenberg
LU,Luzern-Land,312,Udligenswil,1067,1GWZT,https://luzernerzeitung.ch/gemeinde/udligenswil-6044.rss,luzernerzeitung,Udligenswil
LU,Luzern-Land,312,Vitznau,1068,1EcfP,https://luzernerzeitung.ch/gemeinde/vitznau-6354.rss,luzernerzeitung,Vitznau
LU,Luzern-Land,312,Weggis,1069,1cJRL,https://luzernerzeitung.ch/gemeinde/weggis-6353.rss,luzernerzeitung,Weggis
LU,Sursee,314,Beromünster,1081,1xepQ,https://luzernerzeitung.ch/gemeinde/beromuenster-6215.rss,luzernerzeitung,Beromünster
LU,Sursee,314,Büron,1082,1Cx22,https://luzernerzeitung.ch/gemeinde/bueron-6233.rss,luzernerzeitung,Büron
LU,Sursee,314,Buttisholz,1083,1OrQh,https://luzernerzeitung.ch/gemeinde/buttisholz-6018.rss,luzernerzeitung,Buttisholz
LU,Sursee,314,Eich,1084,71WNH,https://luzernerzeitung.ch/gemeinde/eich-6205.rss,luzernerzeitung,Eich
LU,Sursee,314,Geuensee,1085,1Urmw,https://luzernerzeitung.ch/gemeinde/geuensee-6232.rss,luzernerzeitung,Geuensee
LU,Sursee,314,Grosswangen,1086,1VW3P,https://luzernerzeitung.ch/gemeinde/grosswangen-6022.rss,luzernerzeitung,Grosswangen
LU,Sursee,314,Hildisrieden,1088,1BtkR,https://luzernerzeitung.ch/gemeinde/hildisrieden-6024.rss,luzernerzeitung,Hildisrieden
LU,Sursee,314,Knutwil,1089,1mIwv,https://luzernerzeitung.ch/gemeinde/knutwil-6213.rss,luzernerzeitung,Knutwil
LU,Sursee,314,Mauensee,1091,1qI9I,https://luzernerzeitung.ch/gemeinde/mauensee-6216.rss,luzernerzeitung,Mauensee
LU,Sursee,314,Neuenkirch,1093,1jrWX,https://luzernerzeitung.ch/gemeinde/neuenkirch-6206.rss,luzernerzeitung,Neuenkirch
LU,Sursee,314,Nottwil,1094,19e5s,https://luzernerzeitung.ch/gemeinde/nottwil-6207.rss,luzernerzeitung,Nottwil
LU,Sursee,314,Oberkirch,1095,7Uxir,https://luzernerzeitung.ch/gemeinde/oberkirch-6208.rss,luzernerzeitung,Oberkirch
LU,Sursee,314,Rickenbach (LU),1097,1SIrk,https://luzernerzeitung.ch/gemeinde/rickenbach-6221.rss,luzernerzeitung,Rickenbach
LU,Sursee,314,Ruswil,1098,10rF3,https://luzernerzeitung.ch/gemeinde/ruswil-6017.rss,luzernerzeitung,Ruswil
LU,Sursee,314,Schenkon,1099,1hxmg,https://luzernerzeitung.ch/gemeinde/schenkon-6214.rss,luzernerzeitung,Schenkon
LU,Sursee,314,Schlierbach,1100,13tNE,https://luzernerzeitung.ch/gemeinde/schlierbach-6231.rss,luzernerzeitung,Schlierbach
LU,Sursee,314,Sempach,1102,1WIBq,https://luzernerzeitung.ch/gemeinde/sempach-6204.rss,luzernerzeitung,Sempach
LU,Sursee,314,Sursee,1103,1zWdt,https://luzernerzeitung.ch/gemeinde/sursee-6210.rss,luzernerzeitung,Sursee
LU,Sursee,314,Triengen,1104,7He9G,https://luzernerzeitung.ch/gemeinde/triengen-6234.rss,luzernerzeitung,Triengen
LU,Entlebuch,316,Wolhusen,1107,1t9Fh,https://luzernerzeitung.ch/gemeinde/wolhusen-6110.rss,luzernerzeitung,Wolhusen
LU,Willisau,315,Alberswil,1121,1R2Us,https://luzernerzeitung.ch/gemeinde/alberswil-6248.rss,luzernerzeitung,Alberswil
LU,Willisau,315,Altbüron,1122,7EehL,https://luzernerzeitung.ch/gemeinde/altbueron-6147.rss,luzernerzeitung,Altbüron
LU,Willisau,315,Altishofen,1123,1O1yQ,https://luzernerzeitung.ch/gemeinde/altishofen-6246.rss,luzernerzeitung,Altishofen
LU,Willisau,315,Dagmersellen,1125,71u12,https://luzernerzeitung.ch/gemeinde/dagmersellen-6252.rss,luzernerzeitung,Dagmersellen
LU,Willisau,315,Egolzwil,1127,1U1Qg,https://luzernerzeitung.ch/gemeinde/egolzwil-6243.rss,luzernerzeitung,Egolzwil
LU,Willisau,315,Ettiswil,1128,1VuER,https://luzernerzeitung.ch/gemeinde/ettiswil-6217.rss,luzernerzeitung,Ettiswil
LU,Willisau,315,Fischbach,1129,1Ib2w,https://luzernerzeitung.ch/gemeinde/fischbach-6145.rss,luzernerzeitung,Fischbach
LU,Willisau,315,Grossdietwil,1131,1uFDG,https://luzernerzeitung.ch/gemeinde/grossdietwil-6146.rss,luzernerzeitung,Grossdietwil
LU,Willisau,315,Hergiswil bei Willisau,1132,1j1cs,https://luzernerzeitung.ch/gemeinde/hergiswil-bei-willisau-6133.rss,luzernerzeitung,Hergiswil bei Willisau
LU,Willisau,315,Luthern,1135,19D8I,https://luzernerzeitung.ch/gemeinde/luthern-6154.rss,luzernerzeitung,Luthern
LU,Willisau,315,Menznau,1136,7kbjX,https://luzernerzeitung.ch/gemeinde/menznau-6122.rss,luzernerzeitung,Menznau
LU,Willisau,315,Nebikon,1137,1HFP1,https://luzernerzeitung.ch/gemeinde/nebikon-6244.rss,luzernerzeitung,Nebikon
LU,Willisau,315,Pfaffnau,1139,101pf,https://luzernerzeitung.ch/gemeinde/pfaffnau-6264.rss,luzernerzeitung,Pfaffnau
LU,Willisau,315,Reiden,1140,1wDLk,https://luzernerzeitung.ch/gemeinde/reiden-6260.rss,luzernerzeitung,Reiden
LU,Willisau,315,Roggliswil,1142,1a07H,https://luzernerzeitung.ch/gemeinde/roggliswil-6265.rss,luzernerzeitung,Roggliswil
LU,Willisau,315,Schötz,1143,1yFZt,https://luzernerzeitung.ch/gemeinde/schoetz-6247.rss,luzernerzeitung,Schötz
LU,Willisau,315,Ufhusen,1145,1zuxE,https://luzernerzeitung.ch/gemeinde/ufhusen-6153.rss,luzernerzeitung,Ufhusen
LU,Willisau,315,Wauwil,1146,7HDDq,https://luzernerzeitung.ch/gemeinde/wauwil-6242.rss,luzernerzeitung,Wauwil
LU,Willisau,315,Wikon,1147,1Nuqv,https://luzernerzeitung.ch/gemeinde/wikon-4806.rss,luzernerzeitung,Wikon
LU,Willisau,315,Zell (LU),1150,1RFIL,https://luzernerzeitung.ch/gemeinde/zell-6144.rss,luzernerzeitung,Zell
LU,Willisau,315,Willisau,1151,1MFqP,https://luzernerzeitung.ch/gemeinde/gettnau-6142.rss,luzernerzeitung,Willisau
UR,Kt. Uri,400,Altdorf (UR),1201,1IwMG,https://luzernerzeitung.ch/gemeinde/altdorf-6460.rss,luzernerzeitung,Altdorf
UR,Kt. Uri,400,Andermatt,1202,1M8as,https://luzernerzeitung.ch/gemeinde/andermatt-6490.rss,luzernerzeitung,Andermatt
UR,Kt. Uri,400,Attinghausen,1203,1u8Ig,https://luzernerzeitung.ch/gemeinde/attinghausen-6468.rss,luzernerzeitung,Attinghausen
UR,Kt. Uri,400,Bürglen (UR),1205,19fXw,https://luzernerzeitung.ch/gemeinde/buerglen-6463.rss,luzernerzeitung,Bürglen
UR,Kt. Uri,400,Erstfeld,1206,7kwyP,https://luzernerzeitung.ch/gemeinde/erstfeld-6472.rss,luzernerzeitung,Erstfeld
UR,Kt. Uri,400,Flüelen,1207,1H8R2,https://luzernerzeitung.ch/gemeinde/flueelen-6454.rss,luzernerzeitung,Flüelen
UR,Kt. Uri,400,Göschenen,1208,1bCcE,https://luzernerzeitung.ch/gemeinde/goeschenen-6487.rss,luzernerzeitung,Göschenen
UR,Kt. Uri,400,Gurtnellen,1209,1wf8H,https://luzernerzeitung.ch/gemeinde/gurtnellen-6476.rss,luzernerzeitung,Gurtnellen
UR,Kt. Uri,400,Hospental,1210,1iwjt,https://luzernerzeitung.ch/gemeinde/hospental-6493.rss,luzernerzeitung,Hospental
UR,Kt. Uri,400,Isenthal,1211,1aw21,https://luzernerzeitung.ch/gemeinde/isenthal-6461.rss,luzernerzeitung,Isenthal
UR,Kt. Uri,400,Realp,1212,1y8qf,https://luzernerzeitung.ch/gemeinde/realp-6491.rss,luzernerzeitung,Realp
UR,Kt. Uri,400,Schattdorf,1213,1PmEk,https://luzernerzeitung.ch/gemeinde/schattdorf-6467.rss,luzernerzeitung,Schattdorf
UR,Kt. Uri,400,Seedorf (UR),1214,7HfI3,https://luzernerzeitung.ch/gemeinde/seedorf-6462.rss,luzernerzeitung,Seedorf
UR,Kt. Uri,400,Seelisberg,1215,1EmaX,https://luzernerzeitung.ch/gemeinde/seelisberg-6377.rss,luzernerzeitung,Seelisberg
UR,Kt. Uri,400,Silenen,1216,1AfO0,https://luzernerzeitung.ch/gemeinde/silenen-6473.rss,luzernerzeitung,Silenen
UR,Kt. Uri,400,Sisikon,1217,1R8or,https://luzernerzeitung.ch/gemeinde/sisikon-6452.rss,luzernerzeitung,Sisikon
UR,Kt. Uri,400,Spiringen,1218,1eCnA,https://luzernerzeitung.ch/gemeinde/spiringen-6464.rss,luzernerzeitung,Spiringen
UR,Kt. Uri,400,Unterschächen,1219,1dCyv,https://luzernerzeitung.ch/gemeinde/unterschaechen-6465.rss,luzernerzeitung,Unterschächen
UR,Kt. Uri,400,Wassen,1220,1Fm1V,https://luzernerzeitung.ch/gemeinde/wassen-6484.rss,luzernerzeitung,Wassen
SZ,Einsiedeln,501,Einsiedeln,1301,1TqbH,https://luzernerzeitung.ch/gemeinde/einsiedeln-8844.rss,luzernerzeitung,Einsiedeln
SZ,Gersau,502,Gersau,1311,77Htk,https://luzernerzeitung.ch/gemeinde/gersau-6442.rss,luzernerzeitung,Gersau
SZ,Höfe,503,Feusisberg,1321,1tqWT,https://luzernerzeitung.ch/gemeinde/feusisberg-8835.rss,luzernerzeitung,Feusisberg
SZ,Höfe,503,Freienbach,1322,1COH1,https://luzernerzeitung.ch/gemeinde/freienbach-8807.rss,luzernerzeitung,Freienbach
SZ,Höfe,503,Wollerau,1323,1QH3l,https://luzernerzeitung.ch/gemeinde/wollerau-8832.rss,luzernerzeitung,Wollerau
SZ,Küssnacht (SZ),504,Küssnacht (SZ),1331,1m5Br,https://luzernerzeitung.ch/gemeinde/kuessnacht-6403.rss,luzernerzeitung,Küssnacht a. R.
SZ,March,505,Altendorf,1341,1L5P2,https://luzernerzeitung.ch/gemeinde/altendorf-8852.rss,luzernerzeitung,Altendorf
SZ,March,505,Galgenen,1342,1O6im,https://luzernerzeitung.ch/gemeinde/galgenen-8854.rss,luzernerzeitung,Galgenen
SZ,March,505,Innerthal,1343,1BONs,https://luzernerzeitung.ch/gemeinde/innerthal-8858.rss,luzernerzeitung,Innerthal
SZ,March,505,Lachen,1344,1q5rR,https://luzernerzeitung.ch/gemeinde/lachen-8853.rss,luzernerzeitung,Lachen
SZ,March,505,Reichenburg,1345,106Jq,https://luzernerzeitung.ch/gemeinde/reichenburg-8864.rss,luzernerzeitung,Reichenburg
SZ,March,505,Schübelbach,1346,1W5sg,https://luzernerzeitung.ch/gemeinde/schuebelbach-8862.rss,luzernerzeitung,Schübelbach
SZ,March,505,Tuggen,1347,14q5y,https://luzernerzeitung.ch/gemeinde/tuggen-8856.rss,luzernerzeitung,Tuggen
SZ,March,505,Vorderthal,1348,126WF,https://luzernerzeitung.ch/gemeinde/vorderthal-8857.rss,luzernerzeitung,Vorderthal
SZ,March,505,Wangen (SZ),1349,1g6mV,https://luzernerzeitung.ch/gemeinde/wangen-8855.rss,luzernerzeitung,Wangen
SZ,Schwyz,506,Alpthal,1361,17O3Q,https://luzernerzeitung.ch/gemeinde/alpthal-8849.rss,luzernerzeitung,Alpthal
SZ,Schwyz,506,Arth,1362,1oHwh,https://luzernerzeitung.ch/gemeinde/arth-6415.rss,luzernerzeitung,Arth
SZ,Schwyz,506,Illgau,1363,1U6YI,https://luzernerzeitung.ch/gemeinde/illgau-6434.rss,luzernerzeitung,Illgau
SZ,Schwyz,506,Ingenbohl,1364,1cHdX,https://luzernerzeitung.ch/gemeinde/ingenbohl-brunnen-6440.rss,luzernerzeitung,Ingenbohl
SZ,Schwyz,506,Lauerz,1365,1j6Fv,https://luzernerzeitung.ch/gemeinde/lauerz-6424.rss,luzernerzeitung,Lauerz
SZ,Schwyz,506,Morschach,1366,1vqAP,https://luzernerzeitung.ch/gemeinde/morschach-6443.rss,luzernerzeitung,Morschach
SZ,Schwyz,506,Muotathal,1367,7UsmL,https://luzernerzeitung.ch/gemeinde/muotathal-6436.rss,luzernerzeitung,Muotathal
SZ,Schwyz,506,Oberiberg,1368,1S5bE,https://luzernerzeitung.ch/gemeinde/oberiberg-8843.rss,luzernerzeitung,Oberiberg
SZ,Schwyz,506,Riemenstalden,1369,1KqCt,https://luzernerzeitung.ch/gemeinde/riemenstalden-6452.rss,luzernerzeitung,Riemenstalden
SZ,Schwyz,506,Rothenthurm,1370,1hsYG,https://luzernerzeitung.ch/gemeinde/rothenthurm-6418.rss,luzernerzeitung,Rothenthurm
SZ,Schwyz,506,Sattel,1371,13Otf,https://luzernerzeitung.ch/gemeinde/sattel-6417.rss,luzernerzeitung,Sattel
SZ,Schwyz,506,Schwyz,1372,1XHG3,https://luzernerzeitung.ch/gemeinde/schwyz-6430.rss,luzernerzeitung,Schwyz
SZ,Schwyz,506,Steinen,1373,7Sqrw,https://luzernerzeitung.ch/gemeinde/steinen-6422.rss,luzernerzeitung,Steinen
SZ,Schwyz,506,Steinerberg,1374,1fHB0,https://luzernerzeitung.ch/gemeinde/steinerberg-6416.rss,luzernerzeitung,Steinerberg
SZ,Schwyz,506,Unteriberg,1375,1D59A,https://luzernerzeitung.ch/gemeinde/unteriberg-8842.rss,luzernerzeitung,Unteriberg
OW,Kt. Obwalden,600,Alpnach,1401,1n8gQ,https://luzernerzeitung.ch/gemeinde/alpnach-6055.rss,luzernerzeitung,Alpnach
OW,Kt. Obwalden,600,Engelberg,1402,1Zmfl,https://luzernerzeitung.ch/gemeinde/engelberg-6390.rss,luzernerzeitung,Engelberg
OW,Kt. Obwalden,600,Giswil,1403,1JfRh,https://luzernerzeitung.ch/gemeinde/giswil-6074.rss,luzernerzeitung,Giswil
OW,Kt. Obwalden,600,Kerns,1404,1xfny,https://luzernerzeitung.ch/gemeinde/kerns-6064.rss,luzernerzeitung,Kerns
OW,Kt. Obwalden,600,Lungern,1405,1pw6T,https://luzernerzeitung.ch/gemeinde/lungern-6078.rss,luzernerzeitung,Lungern
OW,Kt. Obwalden,600,Sachseln,1406,1sC4F,https://luzernerzeitung.ch/gemeinde/sachseln-6072.rss,luzernerzeitung,Sachseln
OW,Kt. Obwalden,600,Sarnen,1407,1YMem,https://luzernerzeitung.ch/gemeinde/sarnen-6060.rss,luzernerzeitung,Sarnen
NW,Kt. Nidwalden,700,Beckenried,1501,13put,https://luzernerzeitung.ch/gemeinde/beckenried-6375.rss,luzernerzeitung,Beckenried
NW,Kt. Nidwalden,700,Buochs,1502,1WhzG,https://luzernerzeitung.ch/gemeinde/buochs-6374.rss,luzernerzeitung,Buochs
NW,Kt. Nidwalden,700,Dallenwil,1503,1XoKq,https://luzernerzeitung.ch/gemeinde/dallenwil-6383.rss,luzernerzeitung,Dallenwil
NW,Kt. Nidwalden,700,Emmetten,1504,7S9bI,https://luzernerzeitung.ch/gemeinde/emmetten-6376.rss,luzernerzeitung,Emmetten
NW,Kt. Nidwalden,700,Ennetbürgen,1505,149Al,https://luzernerzeitung.ch/gemeinde/ennetbuergen-6373.rss,luzernerzeitung,Ennetbürgen
NW,Kt. Nidwalden,700,Ennetmoos,1506,1fosV,https://luzernerzeitung.ch/gemeinde/ennetmoos-6372.rss,luzernerzeitung,Ennetmoos
NW,Kt. Nidwalden,700,Hergiswil (NW),1507,1Dhrp,https://luzernerzeitung.ch/gemeinde/hergiswil-6052.rss,luzernerzeitung,Hergiswil (NW)
NW,Kt. Nidwalden,700,Oberdorf (NW),1508,1YEFQ,https://luzernerzeitung.ch/gemeinde/oberdorf-6370.rss,luzernerzeitung,Oberdorf
NW,Kt. Nidwalden,700,Stans,1509,1ZEYA,https://luzernerzeitung.ch/gemeinde/stans-6370.rss,luzernerzeitung,Stans
NW,Kt. Nidwalden,700,Stansstad,1510,1QodF,https://luzernerzeitung.ch/gemeinde/stansstad-6362.rss,luzernerzeitung,Stansstad
NW,Kt. Nidwalden,700,Wolfenschiessen,1511,1rpNy,https://luzernerzeitung.ch/gemeinde/wolfenschiessen-6386.rss,luzernerzeitung,Wolfenschiessen
ZG,Kt. Zug,900,Baar,1701,77ouE,https://luzernerzeitung.ch/gemeinde/baar-6340.rss,luzernerzeitung,Baar
ZG,Kt. Zug,900,Cham,1702,1ENHR,https://luzernerzeitung.ch/gemeinde/cham-6330.rss,luzernerzeitung,Cham
ZG,Kt. Zug,900,Hünenberg,1703,1coGv,https://luzernerzeitung.ch/gemeinde/huenenberg-6331.rss,luzernerzeitung,Hünenberg
ZG,Kt. Zug,900,Menzingen,1704,1BptP,https://luzernerzeitung.ch/gemeinde/menzingen-6313.rss,luzernerzeitung,Menzingen
ZG,Kt. Zug,900,Neuheim,1705,1mhsL,https://luzernerzeitung.ch/gemeinde/neuheim-6345.rss,luzernerzeitung,Neuheim
ZG,Kt. Zug,900,Oberägeri,1706,1qhbs,https://luzernerzeitung.ch/gemeinde/oberaegeri-6315.rss,luzernerzeitung,Oberägeri
ZG,Kt. Zug,900,Risch,1707,1FEJr,https://luzernerzeitung.ch/gemeinde/risch-6343.rss,luzernerzeitung,Risch
ZG,Kt. Zug,900,Steinhausen,1708,1v9CX,https://luzernerzeitung.ch/gemeinde/steinhausen-6312.rss,luzernerzeitung,Steinhausen
ZG,Kt. Zug,900,Unterägeri,1709,7U4Y0,https://luzernerzeitung.ch/gemeinde/unteraegeri-6314.rss,luzernerzeitung,Unterägeri
ZG,Kt. Zug,900,Walchwil,1710,1ShVf,https://luzernerzeitung.ch/gemeinde/walchwil-6318.rss,luzernerzeitung,Walchwil
ZG,Kt. Zug,900,Zug,1711,15Ehg,https://luzernerzeitung.ch/gemeinde/zug-6300.rss,luzernerzeitung,Zug
SO,Gäu,1101,Egerkingen,2401,nwch:1100,https://www.solothurnerzeitung.ch/gemeinde/egerkingen-4622.rss,nwch:soz2016,Egerkingen
SO,Gäu,1101,Härkingen,2402,nwch:1121,https://www.solothurnerzeitung.ch/gemeinde/haerkingen-4624.rss,nwch:soz2016,Härkingen
SO,Gäu,1101,Kestenholz,2403,nwch:1136,https://www.solothurnerzeitung.ch/gemeinde/kestenholz-4703.rss,nwch:soz2016,Kestenholz
SO,Gäu,1101,Neuendorf,2404,nwch:1150,https://www.solothurnerzeitung.ch/gemeinde/neuendorf-4623.rss,nwch:soz2016,Neuendorf
SO,Gäu,1101,Niederbuchsiten,2405,nwch:1070,https://www.solothurnerzeitung.ch/gemeinde/niederbuchsiten-4626.rss,nwch:soz2016,Niederbuchsiten
SO,Gäu,1101,Oberbuchsiten,2406,nwch:1153,https://www.solothurnerzeitung.ch/gemeinde/oberbuchsiten-4625.rss,nwch:soz2016,Oberbuchsiten
SO,Gäu,1101,Oensingen,2407,nwch:1074,https://www.solothurnerzeitung.ch/gemeinde/oensingen-4702.rss,nwch:soz2016,Oensingen
SO,Gäu,1101,Wolfwil,2408,nwch:1174,https://www.solothurnerzeitung.ch/gemeinde/wolfwil-4628.rss,nwch:soz2016,Wolfwil
SO,Thal,1102,Aedermannsdorf,2421,nwch:1064,https://www.solothurnerzeitung.ch/gemeinde/aedermannsdorf-4714.rss,nwch:soz2016,Aedermannsdorf
SO,Thal,1102,Balsthal,2422,nwch:2077,https://www.solothurnerzeitung.ch/gemeinde/balsthal-4710.rss,nwch:soz2016,Balsthal
SO,Thal,1102,Herbetswil,2424,nwch:1124,https://www.solothurnerzeitung.ch/gemeinde/herbetswil-4715.rss,nwch:soz2016,Herbetswil
SO,Thal,1102,Holderbank (SO),2425,nwch:2611,https://www.solothurnerzeitung.ch/gemeinde/holderbank-so-4718.rss,nwch:soz2016,Holderbank
SO,Thal,1102,Laupersdorf,2426,nwch:1130,https://www.solothurnerzeitung.ch/gemeinde/laupersdorf-4712.rss,nwch:soz2016,Laupersdorf
SO,Thal,1102,Matzendorf,2427,nwch:2127,https://www.solothurnerzeitung.ch/gemeinde/matzendorf-4713.rss,nwch:soz2016,Matzendorf
SO,Thal,1102,Mümliswil-Ramiswil,2428,nwch:2133,https://www.solothurnerzeitung.ch/gemeinde/muemliswil-ramiswil-4717.rss,nwch:soz2016,Mümliswil-Ramiswil
SO,Thal,1102,Welschenrohr-Gänsbrunnen,2430,nwch:2102,https://www.solothurnerzeitung.ch/gemeinde/gaensbrunnen-4716.rss,nwch:soz2016,Welschenrohr-Gänsbrunnen
SO,Bucheggberg,1103,Biezwil,2445,nwch:1085,https://www.solothurnerzeitung.ch/gemeinde/biezwil-4585.rss,nwch:soz2016,Biezwil
SO,Bucheggberg,1103,Lüterkofen-Ichertswil,2455,nwch:1134,https://www.solothurnerzeitung.ch/gemeinde/lueterkofen-ichertswil-4571.rss,nwch:soz2016,Lüterkofen-Ichertswil
SO,Bucheggberg,1103,Lüterswil-Gächliwil,2456,nwch:1110,https://www.solothurnerzeitung.ch/gemeinde/lueterswil-gaechliwil-4584.rss,nwch:soz2016,Lüterswil-Gächliwil
SO,Bucheggberg,1103,Messen,2457,nwch:1076,https://www.solothurnerzeitung.ch/gemeinde/messen-3254.rss,nwch:soz2016,Messen
SO,Bucheggberg,1103,Schnottwil,2461,nwch:1163,https://www.solothurnerzeitung.ch/gemeinde/schnottwil-3253.rss,nwch:soz2016,Schnottwil
SO,Bucheggberg,1103,Unterramsern,2463,nwch:1088,https://www.solothurnerzeitung.ch/gemeinde/unterramsern-4588.rss,nwch:soz2016,Unterramsern
SO,Bucheggberg,1103,Lüsslingen-Nennigkofen,2464,nwch:2124,https://www.solothurnerzeitung.ch/gemeinde/luesslingen-nennigkofen-4574.rss,nwch:soz2016,Lüsslingen-Nennigkofen
SO,Bucheggberg,1103,Buchegg,2465,nwch:2086,https://www.solothurnerzeitung.ch/gemeinde/buchegg-4576.rss,nwch:soz2016,Buchegg
SO,Dorneck,1104,Bättwil,2471,nwch:2080,https://www.solothurnerzeitung.ch/gemeinde/baettwil-4112.rss,nwch:soz2016,Bättwil
SO,Dorneck,1104,Büren (SO),2472,nwch:2572,https://www.solothurnerzeitung.ch/gemeinde/bueren-so-4413.rss,nwch:soz2016,Büren
SO,Dorneck,1104,Dornach,2473,nwch:1098,https://www.solothurnerzeitung.ch/gemeinde/dornach-4143.rss,nwch:soz2016,Dornach
SO,Dorneck,1104,Gempen,2474,nwch:1112,https://www.solothurnerzeitung.ch/gemeinde/gempen-4145.rss,nwch:soz2016,Gempen
SO,Dorneck,1104,Hochwald,2475,nwch:1127,https://www.solothurnerzeitung.ch/gemeinde/hochwald-4146.rss,nwch:soz2016,Hochwald
SO,Dorneck,1104,Hofstetten-Flüh,2476,nwch:2573,https://www.solothurnerzeitung.ch/gemeinde/hofstetten-so-4114.rss,nwch:soz2016,Hofstetten-Flüh
SO,Dorneck,1104,Metzerlen-Mariastein,2477,nwch:2574,https://www.solothurnerzeitung.ch/gemeinde/mariastein-4115.rss,nwch:soz2016,Metzerlen-Mariastein
SO,Dorneck,1104,Nuglar-St. Pantaleon,2478,nwch:2576,https://www.solothurnerzeitung.ch/gemeinde/nuglar-4412.rss,nwch:soz2016,Nuglar-St. Pantaleon
SO,Dorneck,1104,Rodersdorf,2479,nwch:1161,https://www.solothurnerzeitung.ch/gemeinde/rodersdorf-4118.rss,nwch:soz2016,Rodersdorf
SO,Dorneck,1104,Seewen,2480,nwch:2577,https://www.solothurnerzeitung.ch/gemeinde/seewen-so-4206.rss,nwch:soz2016,Seewen
SO,Dorneck,1104,Witterswil,2481,nwch:1173,https://www.solothurnerzeitung.ch/gemeinde/witterswil-4108.rss,nwch:soz2016,Witterswil
SO,Gösgen,1105,Hauenstein-Ifenthal,2491,nwch:2108,https://www.solothurnerzeitung.ch/gemeinde/hauenstein-ifenthal-4633.rss,nwch:soz2016,Hauenstein-Ifenthal
SO,Gösgen,1105,Kienberg,2492,nwch:1137,https://www.solothurnerzeitung.ch/gemeinde/kienberg-4468.rss,nwch:soz2016,Kienberg
SO,Gösgen,1105,Lostorf,2493,nwch:1142,https://www.solothurnerzeitung.ch/gemeinde/lostorf-4654.rss,nwch:soz2016,Lostorf
SO,Gösgen,1105,Niedergösgen,2495,nwch:1149,https://www.solothurnerzeitung.ch/gemeinde/niedergoesgen-5013.rss,nwch:soz2016,Niedergösgen
SO,Gösgen,1105,Obergösgen,2497,nwch:2139,https://www.solothurnerzeitung.ch/gemeinde/obergoesgen-4653.rss,nwch:soz2016,Obergösgen
SO,Gösgen,1105,Stüsslingen,2499,nwch:1162,https://www.solothurnerzeitung.ch/gemeinde/stuesslingen-4655.rss,nwch:soz2016,Stüsslingen
SO,Gösgen,1105,Trimbach,2500,nwch:1168,https://www.solothurnerzeitung.ch/gemeinde/trimbach-4632.rss,nwch:soz2016,Trimbach
SO,Gösgen,1105,Winznau,2501,nwch:1171,https://www.solothurnerzeitung.ch/gemeinde/winznau-4652.rss,nwch:soz2016,Winznau
SO,Gösgen,1105,Wisen (SO),2502,nwch:2580,https://www.solothurnerzeitung.ch/gemeinde/wisen-so-4634.rss,nwch:soz2016,Wisen
SO,Gösgen,1105,Erlinsbach (SO),2503,nwch:2726,https://www.solothurnerzeitung.ch/gemeinde/erlinsbach-so-5015.rss,nwch:soz2016,Erlinsbach (SO)
SO,Wasseramt,1106,Aeschi (SO),2511,nwch:2624,https://www.solothurnerzeitung.ch/gemeinde/aeschi-so-4556.rss,nwch:soz2016,Aeschi
SO,Wasseramt,1106,Biberist,2513,nwch:1083,https://www.solothurnerzeitung.ch/gemeinde/biberist-4562.rss,nwch:soz2016,Biberist
SO,Wasseramt,1106,Bolken,2514,nwch:2082,https://www.solothurnerzeitung.ch/gemeinde/bolken-4556.rss,nwch:soz2016,Bolken
SO,Wasseramt,1106,Deitingen,2516,nwch:2089,https://www.solothurnerzeitung.ch/gemeinde/deitingen-4543.rss,nwch:soz2016,Deitingen
SO,Wasseramt,1106,Derendingen,2517,nwch:2090,https://www.solothurnerzeitung.ch/gemeinde/derendingen-4552.rss,nwch:soz2016,Derendingen
SO,Wasseramt,1106,Etziken,2518,nwch:2097,https://www.solothurnerzeitung.ch/gemeinde/etziken-4554.rss,nwch:soz2016,Etziken
SO,Wasseramt,1106,Gerlafingen,2519,nwch:1113,https://www.solothurnerzeitung.ch/gemeinde/gerlafingen-4563.rss,nwch:soz2016,Gerlafingen
SO,Wasseramt,1106,Halten,2520,nwch:2106,https://www.solothurnerzeitung.ch/gemeinde/halten-4566.rss,nwch:soz2016,Halten
SO,Wasseramt,1106,Horriwil,2523,nwch:1131,https://www.solothurnerzeitung.ch/gemeinde/horriwil-4557.rss,nwch:soz2016,Horriwil
SO,Wasseramt,1106,Hüniken,2524,nwch:1105,https://www.solothurnerzeitung.ch/gemeinde/hueniken-4554.rss,nwch:soz2016,Hüniken
SO,Wasseramt,1106,Kriegstetten,2525,nwch:2121,https://www.solothurnerzeitung.ch/gemeinde/kriegstetten-4566.rss,nwch:soz2016,Kriegstetten
SO,Wasseramt,1106,Lohn-Ammannsegg,2526,nwch:1072,https://www.solothurnerzeitung.ch/gemeinde/lohn-ammannsegg-4573.rss,nwch:soz2016,Lohn-Ammannsegg
SO,Wasseramt,1106,Luterbach,2527,nwch:1144,https://www.solothurnerzeitung.ch/gemeinde/luterbach-4542.rss,nwch:soz2016,Luterbach
SO,Wasseramt,1106,Obergerlafingen,2528,nwch:1155,https://www.solothurnerzeitung.ch/gemeinde/obergerlafingen-4564.rss,nwch:soz2016,Obergerlafingen
SO,Wasseramt,1106,Oekingen,2529,nwch:1120,https://www.solothurnerzeitung.ch/gemeinde/oekingen-4566.rss,nwch:soz2016,Oekingen
SO,Wasseramt,1106,Recherswil,2530,nwch:1159,https://www.solothurnerzeitung.ch/gemeinde/recherswil-4565.rss,nwch:soz2016,Recherswil
SO,Wasseramt,1106,Subingen,2532,nwch:1167,https://www.solothurnerzeitung.ch/gemeinde/subingen-4553.rss,nwch:soz2016,Subingen
SO,Wasseramt,1106,Zuchwil,2534,nwch:1175,https://www.solothurnerzeitung.ch/gemeinde/zuchwil-4528.rss,nwch:soz2016,Zuchwil
SO,Wasseramt,1106,Drei Höfe,2535,nwch:2110,https://www.solothurnerzeitung.ch/gemeinde/drei-hoefe-4558.rss,nwch:soz2016,Drei Höfe
SO,Lebern,1107,Balm bei Günsberg,2541,nwch:2593,https://www.solothurnerzeitung.ch/gemeinde/balm-bei-guensberg-4525.rss,nwch:soz2016,Balm bei Günsberg
SO,Lebern,1107,Bellach,2542,nwch:1082,https://www.solothurnerzeitung.ch/gemeinde/bellach-4512.rss,nwch:soz2016,Bellach
SO,Lebern,1107,Bettlach,2543,nwch:1069,https://www.solothurnerzeitung.ch/gemeinde/bettlach-2544.rss,nwch:soz2016,Bettlach
SO,Lebern,1107,Feldbrunnen-St. Niklaus,2544,nwch:2594,https://www.solothurnerzeitung.ch/gemeinde/feldbrunnen-sankt-niklaus-4532.rss,nwch:soz2016,Feldbrunnen-St. Niklaus
SO,Lebern,1107,Flumenthal,2545,nwch:1109,https://www.solothurnerzeitung.ch/gemeinde/flumenthal-4534.rss,nwch:soz2016,Flumenthal
SO,Lebern,1107,Grenchen,2546,nwch:2103,https://www.grenchnertagblatt.ch/gemeinde/grenchen-2540.rss,nwch:gtb2016,Grenchen
SO,Lebern,1107,Günsberg,2547,nwch:1077,https://www.solothurnerzeitung.ch/gemeinde/guensberg-4524.rss,nwch:soz2016,Günsberg
SO,Lebern,1107,Hubersdorf,2548,nwch:2115,https://www.solothurnerzeitung.ch/gemeinde/hubersdorf-4535.rss,nwch:soz2016,Hubersdorf
SO,Lebern,1107,Kammersrohr,2549,nwch:1132,https://www.solothurnerzeitung.ch/gemeinde/kammersrohr-4535.rss,nwch:soz2016,Kammersrohr
SO,Lebern,1107,Langendorf,2550,nwch:1140,https://www.solothurnerzeitung.ch/gemeinde/langendorf-4513.rss,nwch:soz2016,Langendorf
SO,Lebern,1107,Lommiswil,2551,nwch:1141,https://www.solothurnerzeitung.ch/gemeinde/lommiswil-4514.rss,nwch:soz2016,Lommiswil
SO,Lebern,1107,Oberdorf (SO),2553,nwch:2596,https://www.solothurnerzeitung.ch/gemeinde/oberdorf-so-4515.rss,nwch:soz2016,Oberdorf
SO,Lebern,1107,Riedholz,2554,nwch:1073,https://www.solothurnerzeitung.ch/gemeinde/riedholz-4533.rss,nwch:soz2016,Riedholz
SO,Lebern,1107,Rüttenen,2555,nwch:2143,https://www.solothurnerzeitung.ch/gemeinde/ruettenen-4522.rss,nwch:soz2016,Rüttenen
SO,Lebern,1107,Selzach,2556,nwch:1071,https://www.solothurnerzeitung.ch/gemeinde/selzach-2545.rss,nwch:soz2016,Selzach
SO,Olten,1108,Boningen,2571,nwch:1086,https://www.solothurnerzeitung.ch/gemeinde/boningen-4618.rss,nwch:soz2016,Boningen
SO,Olten,1108,Däniken,2572,nwch:2088,https://www.solothurnerzeitung.ch/gemeinde/daeniken-4658.rss,nwch:soz2016,Däniken
SO,Olten,1108,Dulliken,2573,nwch:2091,https://www.solothurnerzeitung.ch/gemeinde/dulliken-4657.rss,nwch:soz2016,Dulliken
SO,Olten,1108,Eppenberg-Wöschnau,2574,nwch:2720,https://www.solothurnerzeitung.ch/gemeinde/eppenberg-woeschnau-5012.rss,nwch:soz2016,Eppenberg-Wöschnau
SO,Olten,1108,Fulenbach,2575,nwch:1106,https://www.solothurnerzeitung.ch/gemeinde/fulenbach-4629.rss,nwch:soz2016,Fulenbach
SO,Olten,1108,Gretzenbach,2576,nwch:1116,https://www.solothurnerzeitung.ch/gemeinde/gretzenbach-5014.rss,nwch:soz2016,Gretzenbach
SO,Olten,1108,Gunzgen,2578,nwch:2104,https://www.solothurnerzeitung.ch/gemeinde/gunzgen-4617.rss,nwch:soz2016,Gunzgen
SO,Olten,1108,Hägendorf,2579,nwch:1119,https://www.oltnertagblatt.ch/gemeinde/haegendorf-4614.rss,nwch:ot2016,Hägendorf
SO,Olten,1108,Kappel (SO),2580,nwch:2604,https://www.solothurnerzeitung.ch/gemeinde/kappel-so-4616.rss,nwch:soz2016,Kappel
SO,Olten,1108,Olten,2581,nwch:1158,https://www.oltnertagblatt.ch/gemeinde/olten-4600.rss,nwch:ot2016,Olten
SO,Olten,1108,Rickenbach (SO),2582,nwch:2605,https://www.solothurnerzeitung.ch/gemeinde/rickenbach-so-4613.rss,nwch:soz2016,Rickenbach
SO,Olten,1108,Schönenwerd,2583,nwch:2144,https://www.solothurnerzeitung.ch/gemeinde/schoenenwerd-5012.rss,nwch:soz2016,Schönenwerd
SO,Olten,1108,Starrkirch-Wil,2584,nwch:1166,https://www.solothurnerzeitung.ch/gemeinde/starrkirch-wil-4656.rss,nwch:soz2016,Starrkirch-Wil
SO,Olten,1108,Walterswil (SO),2585,nwch:2606,https://www.solothurnerzeitung.ch/gemeinde/walterswil-so-5746.rss,nwch:soz2016,Walterswil
SO,Olten,1108,Wangen bei Olten,2586,nwch:2607,https://www.solothurnerzeitung.ch/gemeinde/wangen-bei-olten-4612.rss,nwch:soz2016,Wangen bei Olten
SO,Solothurn,1109,Solothurn,2601,nwch:1165,https://www.solothurnerzeitung.ch/gemeinde/solothurn-4500.rss,nwch:soz2016,Solothurn
SO,Thierstein,1110,Bärschwil,2611,nwch:2079,https://www.solothurnerzeitung.ch/gemeinde/baerschwil-4252.rss,nwch:soz2016,Bärschwil
SO,Thierstein,1110,Beinwil (SO),2612,nwch:2614,https://www.solothurnerzeitung.ch/gemeinde/beinwil-so-4229.rss,nwch:soz2016,Beinwil (SO)
SO,Thierstein,1110,Breitenbach,2613,nwch:1087,https://www.solothurnerzeitung.ch/gemeinde/breitenbach-4226.rss,nwch:soz2016,Breitenbach
SO,Thierstein,1110,Büsserach,2614,nwch:1094,https://www.solothurnerzeitung.ch/gemeinde/buesserach-4227.rss,nwch:soz2016,Büsserach
SO,Thierstein,1110,Erschwil,2615,nwch:1104,https://www.solothurnerzeitung.ch/gemeinde/erschwil-4228.rss,nwch:soz2016,Erschwil
SO,Thierstein,1110,Fehren,2616,nwch:1107,https://www.solothurnerzeitung.ch/gemeinde/fehren-4232.rss,nwch:soz2016,Fehren
SO,Thierstein,1110,Grindel,2617,nwch:1117,https://www.solothurnerzeitung.ch/gemeinde/grindel-4247.rss,nwch:soz2016,Grindel
SO,Thierstein,1110,Himmelried,2618,nwch:2112,https://www.solothurnerzeitung.ch/gemeinde/himmelried-4204.rss,nwch:soz2016,Himmelried
SO,Thierstein,1110,Kleinlützel,2619,nwch:2118,https://www.solothurnerzeitung.ch/gemeinde/kleinluetzel-4245.rss,nwch:soz2016,Kleinlützel
SO,Thierstein,1110,Meltingen,2620,nwch:1147,https://www.solothurnerzeitung.ch/gemeinde/meltingen-4233.rss,nwch:soz2016,Meltingen
SO,Thierstein,1110,Nunningen,2621,nwch:2137,https://www.solothurnerzeitung.ch/gemeinde/nunningen-4208.rss,nwch:soz2016,Nunningen
SO,Thierstein,1110,Zullwil,2622,nwch:1176,https://www.solothurnerzeitung.ch/gemeinde/zullwil-4234.rss,nwch:soz2016,Zullwil
BS,Kt. Basel-Stadt,1200,Basel,2701,nwch:2709,https://www.bzbasel.ch/gemeinde/basel-4000.rss,nwch:bzb2016,Basel
BS,Kt. Basel-Stadt,1200,Bettingen,2702,nwch:2066,https://www.basellandschaftlichezeitung.ch/gemeinde/bettingen-4126.rss,nwch:bzb2016,Bettingen
BS,Kt. Basel-Stadt,1200,Riehen,2703,nwch:804,https://www.basellandschaftlichezeitung.ch/gemeinde/riehen-4125.rss,nwch:bzb2016,Riehen
BL,Arlesheim,1301,Aesch (BL),2761,nwch:705,https://www.bzbasel.ch/gemeinde/aesch-bl-4147.rss,nwch:bzb2016,Aesch
BL,Arlesheim,1301,Allschwil,2762,nwch:706,https://www.bzbasel.ch/gemeinde/allschwil-4123.rss,nwch:bzb2016,Allschwil
BL,Arlesheim,1301,Arlesheim,2763,nwch:711,https://www.bzbasel.ch/gemeinde/arlesheim-4144.rss,nwch:bzb2016,Arlesheim
BL,Arlesheim,1301,Biel-Benken,2764,nwch:716,https://www.bzbasel.ch/gemeinde/biel-benken-4105.rss,nwch:bzb2016,Biel-Benken
BL,Arlesheim,1301,Binningen,2765,nwch:2050,https://www.bzbasel.ch/gemeinde/binningen-4102.rss,nwch:bzb2016,Binningen
BL,Arlesheim,1301,Birsfelden,2766,nwch:2051,https://www.bzbasel.ch/gemeinde/birsfelden-4127.rss,nwch:bzb2016,Birsfelden
BL,Arlesheim,1301,Bottmingen,2767,nwch:721,https://www.bzbasel.ch/gemeinde/bottmingen-4103.rss,nwch:bzb2016,Bottmingen
BL,Arlesheim,1301,Ettingen,2768,nwch:733,https://www.bzbasel.ch/gemeinde/ettingen-4107.rss,nwch:bzb2016,Ettingen
BL,Arlesheim,1301,Münchenstein,2769,nwch:2060,https://www.bzbasel.ch/gemeinde/muenchenstein-4142.rss,nwch:bzb2016,Münchenstein
BL,Arlesheim,1301,Muttenz,2770,nwch:760,https://www.bzbasel.ch/gemeinde/muttenz-4132.rss,nwch:bzb2016,Muttenz
BL,Arlesheim,1301,Oberwil (BL),2771,nwch:2532,https://www.bzbasel.ch/gemeinde/oberwil-bl-4104.rss,nwch:bzb2016,Oberwil
BL,Arlesheim,1301,Pfeffingen,2772,nwch:767,https://www.bzbasel.ch/gemeinde/pfeffingen-4148.rss,nwch:bzb2016,Pfeffingen
BL,Arlesheim,1301,Reinach (BL),2773,nwch:2533,https://www.basellandschaftlichezeitung.ch/gemeinde/reinach-bl-4153.rss,nwch:bzb2016,Reinach (BL)
BL,Arlesheim,1301,Schönenbuch,2774,nwch:777,https://www.basellandschaftlichezeitung.ch/gemeinde/schoenenbuch-4124.rss,nwch:bzb2016,Schönenbuch
BL,Arlesheim,1301,Therwil,2775,nwch:781,https://www.bzbasel.ch/gemeinde/therwil-4106.rss,nwch:bzb2016,Therwil
BL,Laufen,1302,Blauen,2781,nwch:719,https://www.bzbasel.ch/gemeinde/blauen-4223.rss,nwch:bzb2016,Blauen
BL,Laufen,1302,Brislach,2782,nwch:723,https://www.bzbasel.ch/gemeinde/brislach-4225.rss,nwch:bzb2016,Brislach
BL,Laufen,1302,Burg im Leimental,2783,nwch:2586,https://www.bzbasel.ch/gemeinde/burg-im-leimental-4117.rss,nwch:bzb2016,Burg im Leimental
BL,Laufen,1302,Dittingen,2784,nwch:731,https://www.bzbasel.ch/gemeinde/dittingen-4243.rss,nwch:bzb2016,Dittingen
BL,Laufen,1302,Duggingen,2785,nwch:707,https://www.bzbasel.ch/gemeinde/duggingen-4202.rss,nwch:bzb2016,Duggingen
BL,Laufen,1302,Grellingen,2786,nwch:738,https://www.bzbasel.ch/gemeinde/grellingen-4203.rss,nwch:bzb2016,Grellingen
BL,Laufen,1302,Laufen,2787,nwch:748,https://www.bzbasel.ch/gemeinde/laufen-4242.rss,nwch:bzb2016,Laufen
BL,Laufen,1302,Liesberg,2788,nwch:2058,https://www.bzbasel.ch/gemeinde/liesberg-4253.rss,nwch:bzb2016,Liesberg
BL,Laufen,1302,Nenzlingen,2789,nwch:2061,https://www.bzbasel.ch/gemeinde/nenzlingen-4224.rss,nwch:bzb2016,Nenzlingen
BL,Laufen,1302,Roggenburg,2790,nwch:772,https://www.bzbasel.ch/gemeinde/roggenburg-2814.rss,nwch:bzb2016,Roggenburg
BL,Laufen,1302,Röschenz,2791,nwch:773,https://www.bzbasel.ch/gemeinde/roeschenz-4244.rss,nwch:bzb2016,Röschenz
BL,Laufen,1302,Wahlen,2792,nwch:784,https://www.bzbasel.ch/gemeinde/wahlen-4246.rss,nwch:bzb2016,Wahlen
BL,Laufen,1302,Zwingen,2793,nwch:792,https://www.bzbasel.ch/gemeinde/zwingen-4222.rss,nwch:bzb2016,Zwingen
BL,Liestal,1303,Arisdorf,2821,nwch:710,https://www.bzbasel.ch/gemeinde/arisdorf-4422.rss,nwch:bzb2016,Arisdorf
BL,Liestal,1303,Augst,2822,nwch:712,https://www.bzbasel.ch/gemeinde/augst-4302.rss,nwch:bzb2016,Augst
BL,Liestal,1303,Bubendorf,2823,nwch:724,https://www.bzbasel.ch/gemeinde/bubendorf-4416.rss,nwch:bzb2016,Bubendorf
BL,Liestal,1303,Frenkendorf,2824,nwch:2053,https://www.bzbasel.ch/gemeinde/frenkendorf-4402.rss,nwch:bzb2016,Frenkendorf
BL,Liestal,1303,Füllinsdorf,2825,nwch:735,https://www.bzbasel.ch/gemeinde/fuellinsdorf-4414.rss,nwch:bzb2016,Füllinsdorf
BL,Liestal,1303,Giebenach,2826,nwch:737,https://www.bzbasel.ch/gemeinde/giebenach-4304.rss,nwch:bzb2016,Giebenach
BL,Liestal,1303,Hersberg,2827,nwch:741,https://www.bzbasel.ch/gemeinde/hersberg-4423.rss,nwch:bzb2016,Hersberg
BL,Liestal,1303,Lausen,2828,nwch:749,https://www.bzbasel.ch/gemeinde/lausen-4415.rss,nwch:bzb2016,Lausen
BL,Liestal,1303,Liestal,2829,nwch:2059,https://www.bzbasel.ch/gemeinde/liestal-4410.rss,nwch:bzb2016,Liestal
BL,Liestal,1303,Lupsingen,2830,nwch:755,https://www.bzbasel.ch/gemeinde/lupsingen-4419.rss,nwch:bzb2016,Lupsingen
BL,Liestal,1303,Pratteln,2831,nwch:2064,https://www.bzbasel.ch/gemeinde/pratteln-4133.rss,nwch:bzb2016,Pratteln
BL,Liestal,1303,Ramlinsburg,2832,nwch:768,https://www.bzbasel.ch/gemeinde/ramlinsburg-4433.rss,nwch:bzb2016,Ramlinsburg
BL,Liestal,1303,Seltisberg,2833,nwch:778,https://www.bzbasel.ch/gemeinde/seltisberg-4410.rss,nwch:bzb2016,Seltisberg
BL,Liestal,1303,Ziefen,2834,nwch:790,https://www.bzbasel.ch/gemeinde/ziefen-4417.rss,nwch:bzb2016,Ziefen
BL,Sissach,1304,Anwil,2841,nwch:708,https://www.bzbasel.ch/gemeinde/anwil-4469.rss,nwch:bzb2016,Anwil
BL,Sissach,1304,Böckten,2842,nwch:720,https://www.bzbasel.ch/gemeinde/boeckten-4461.rss,nwch:bzb2016,Böckten
BL,Sissach,1304,Buckten,2843,nwch:725,https://www.bzbasel.ch/gemeinde/buckten-4446.rss,nwch:bzb2016,Buckten
BL,Sissach,1304,Buus,2844,nwch:727,https://www.bzbasel.ch/gemeinde/buus-4463.rss,nwch:bzb2016,Buus
BL,Sissach,1304,Diepflingen,2845,nwch:729,https://www.bzbasel.ch/gemeinde/diepflingen-4442.rss,nwch:bzb2016,Diepflingen
BL,Sissach,1304,Gelterkinden,2846,nwch:736,https://www.bzbasel.ch/gemeinde/gelterkinden-4460.rss,nwch:bzb2016,Gelterkinden
BL,Sissach,1304,Häfelfingen,2847,nwch:739,https://www.bzbasel.ch/gemeinde/haefelfingen-4445.rss,nwch:bzb2016,Häfelfingen
BL,Sissach,1304,Hemmiken,2848,nwch:740,https://www.bzbasel.ch/gemeinde/hemmiken-4465.rss,nwch:bzb2016,Hemmiken
BL,Sissach,1304,Itingen,2849,nwch:2055,https://www.bzbasel.ch/gemeinde/itingen-4452.rss,nwch:bzb2016,Itingen
BL,Sissach,1304,Känerkinden,2850,nwch:745,https://www.bzbasel.ch/gemeinde/kaenerkinden-4447.rss,nwch:bzb2016,Känerkinden
BL,Sissach,1304,Kilchberg (BL),2851,nwch:2609,https://www.bzbasel.ch/gemeinde/kilchberg-bl-4496.rss,nwch:bzb2016,Kilchberg
BL,Sissach,1304,Läufelfingen,2852,nwch:2056,https://www.bzbasel.ch/gemeinde/laeufelfingen-4448.rss,nwch:bzb2016,Läufelfingen
BL,Sissach,1304,Maisprach,2853,nwch:756,https://www.bzbasel.ch/gemeinde/maisprach-4464.rss,nwch:bzb2016,Maisprach
BL,Sissach,1304,Nusshof,2854,nwch:763,https://www.bzbasel.ch/gemeinde/nusshof-4453.rss,nwch:bzb2016,Nusshof
BL,Sissach,1304,Oltingen,2855,nwch:765,https://www.bzbasel.ch/gemeinde/oltingen-4494.rss,nwch:bzb2016,Oltingen
BL,Sissach,1304,Ormalingen,2856,nwch:766,https://www.bzbasel.ch/gemeinde/ormalingen-4466.rss,nwch:bzb2016,Ormalingen
BL,Sissach,1304,Rickenbach (BL),2857,nwch:2610,https://www.bzbasel.ch/gemeinde/rickenbach-bl-4462.rss,nwch:bzb2016,Rickenbach
BL,Sissach,1304,Rothenfluh,2858,nwch:774,https://www.bzbasel.ch/gemeinde/rothenfluh-4467.rss,nwch:bzb2016,Rothenfluh
BL,Sissach,1304,Rümlingen,2859,nwch:775,https://www.bzbasel.ch/gemeinde/ruemlingen-4444.rss,nwch:bzb2016,Rümlingen
BL,Sissach,1304,Rünenberg,2860,nwch:776,https://www.bzbasel.ch/gemeinde/ruenenberg-4497.rss,nwch:bzb2016,Rünenberg
BL,Sissach,1304,Sissach,2861,nwch:743,https://www.bzbasel.ch/gemeinde/sissach-4450.rss,nwch:bzb2016,Sissach
BL,Sissach,1304,Tecknau,2862,nwch:779,https://www.bzbasel.ch/gemeinde/tecknau-4492.rss,nwch:bzb2016,Tecknau
BL,Sissach,1304,Tenniken,2863,nwch:780,https://www.bzbasel.ch/gemeinde/tenniken-4456.rss,nwch:bzb2016,Tenniken
BL,Sissach,1304,Thürnen,2864,nwch:782,https://www.basellandschaftlichezeitung.ch/gemeinde/thuernen-4441.rss,nwch:bzb2016,Thürnen
BL,Sissach,1304,Wenslingen,2865,nwch:786,https://www.bzbasel.ch/gemeinde/wenslingen-4493.rss,nwch:bzb2016,Wenslingen
BL,Sissach,1304,Wintersingen,2866,nwch:787,https://www.bzbasel.ch/gemeinde/wintersingen-4451.rss,nwch:bzb2016,Wintersingen
BL,Sissach,1304,Wittinsburg,2867,nwch:788,https://www.bzbasel.ch/gemeinde/wittinsburg-4443.rss,nwch:bzb2016,Wittinsburg
BL,Sissach,1304,Zeglingen,2868,nwch:789,https://www.bzbasel.ch/gemeinde/zeglingen-4495.rss,nwch:bzb2016,Zeglingen
BL,Sissach,1304,Zunzgen,2869,nwch:791,https://www.bzbasel.ch/gemeinde/zunzgen-4455.rss,nwch:bzb2016,Zunzgen
BL,Waldenburg,1305,Arboldswil,2881,nwch:709,https://www.bzbasel.ch/gemeinde/arboldswil-4424.rss,nwch:bzb2016,Arboldswil
BL,Waldenburg,1305,Bennwil,2882,nwch:715,https://www.bzbasel.ch/gemeinde/bennwil-4431.rss,nwch:bzb2016,Bennwil
BL,Waldenburg,1305,Bretzwil,2883,nwch:722,https://www.bzbasel.ch/gemeinde/bretzwil-4207.rss,nwch:bzb2016,Bretzwil
BL,Waldenburg,1305,Diegten,2884,nwch:728,https://www.bzbasel.ch/gemeinde/diegten-4457.rss,nwch:bzb2016,Diegten
BL,Waldenburg,1305,Eptingen,2885,nwch:732,https://www.bzbasel.ch/gemeinde/eptingen-4458.rss,nwch:bzb2016,Eptingen
BL,Waldenburg,1305,Hölstein,2886,nwch:742,https://www.bzbasel.ch/gemeinde/hoelstein-4434.rss,nwch:bzb2016,Hölstein
BL,Waldenburg,1305,Lampenberg,2887,nwch:747,https://www.bzbasel.ch/gemeinde/lampenberg-4432.rss,nwch:bzb2016,Lampenberg
BL,Waldenburg,1305,Langenbruck,2888,nwch:714,https://www.bzbasel.ch/gemeinde/langenbruck-4438.rss,nwch:bzb2016,Langenbruck
BL,Waldenburg,1305,Lauwil,2889,nwch:750,https://www.bzbasel.ch/gemeinde/lauwil-4426.rss,nwch:bzb2016,Lauwil
BL,Waldenburg,1305,Liedertswil,2890,nwch:2057,https://www.bzbasel.ch/gemeinde/liedertswil-4436.rss,nwch:bzb2016,Liedertswil
BL,Waldenburg,1305,Niederdorf,2891,nwch:762,https://www.bzbasel.ch/gemeinde/niederdorf-4435.rss,nwch:bzb2016,Niederdorf
BL,Waldenburg,1305,Oberdorf (BL),2892,nwch:2616,https://www.bzbasel.ch/gemeinde/oberdorf-bl-4436.rss,nwch:bzb2016,Oberdorf
BL,Waldenburg,1305,Reigoldswil,2893,nwch:769,https://www.bzbasel.ch/gemeinde/reigoldswil-4418.rss,nwch:bzb2016,Reigoldswil
BL,Waldenburg,1305,Titterten,2894,nwch:783,https://www.bzbasel.ch/gemeinde/titterten-4425.rss,nwch:bzb2016,Titterten
BL,Waldenburg,1305,Waldenburg,2895,nwch:785,https://www.bzbasel.ch/gemeinde/waldenburg-4437.rss,nwch:bzb2016,Waldenburg
AR,Hinterland,1501,Herisau,3001,1HRTP,https://tagblatt.ch/gemeinde/herisau-9100.rss,stgallertagblatt,Herisau
AR,Hinterland,1501,Hundwil,3002,1bbfL,https://tagblatt.ch/gemeinde/hundwil-9064.rss,stgallertagblatt,Hundwil
AR,Hinterland,1501,Schönengrund,3003,1w11v,https://tagblatt.ch/gemeinde/schoenengrund-9105.rss,stgallertagblatt,Schönengrund
AR,Hinterland,1501,Schwellbrunn,3004,1i3gV,https://tagblatt.ch/gemeinde/schwellbrunn-9103.rss,stgallertagblatt,Schwellbrunn
AR,Hinterland,1501,Stein (AR),3005,1a3OX,https://tagblatt.ch/gemeinde/stein-9063.rss,stgallertagblatt,Stein
AR,Hinterland,1501,Urnäsch,3006,1Pjnr,https://tagblatt.ch/gemeinde/urnaesch-9107.rss,stgallertagblatt,Urnäsch
AR,Hinterland,1501,Waldstatt,3007,1yR40,https://tagblatt.ch/gemeinde/waldstatt-9104.rss,stgallertagblatt,Waldstatt
AR,Mittelland,1502,Bühler,3021,1MRVh,https://tagblatt.ch/gemeinde/buehler-9055.rss,stgallertagblatt,Bühler
AR,Mittelland,1502,Gais,3022,1uR6y,https://tagblatt.ch/gemeinde/gais-9056.rss,stgallertagblatt,Gais
AR,Mittelland,1502,Speicher,3023,1lbUT,https://tagblatt.ch/gemeinde/speicher-9042.rss,stgallertagblatt,Speicher
AR,Mittelland,1502,Teufen (AR),3024,1XYeF,https://tagblatt.ch/gemeinde/teufen-9053.rss,stgallertagblatt,Teufen
AR,Mittelland,1502,Trogen,3025,7k3um,https://tagblatt.ch/gemeinde/trogen-9043.rss,stgallertagblatt,Trogen
AR,Vorderland,1503,Grub (AR),3031,1QYTR,https://tagblatt.ch/gemeinde/grub-9035.rss,stgallertagblatt,Grub
AR,Vorderland,1503,Heiden,3032,1x1Sq,https://tagblatt.ch/gemeinde/heiden-9410.rss,stgallertagblatt,Heiden
AR,Vorderland,1503,Lutzenberg,3033,1p3oI,https://tagblatt.ch/gemeinde/lutzenberg-9426.rss,stgallertagblatt,Lutzenberg
AR,Vorderland,1503,Rehetobel,3034,1sbaG,https://tagblatt.ch/gemeinde/rehetobel-9038.rss,stgallertagblatt,Rehetobel
AR,Vorderland,1503,Reute (AR),3035,1YjOs,https://tagblatt.ch/gemeinde/reute-9411.rss,stgallertagblatt,Reute
AR,Vorderland,1503,Wald (AR),3036,1kbgp,https://tagblatt.ch/gemeinde/wald-9044.rss,stgallertagblatt,Wald
AR,Vorderland,1503,Walzenhausen,3037,15jvQ,https://tagblatt.ch/gemeinde/walzenhausen-9428.rss,stgallertagblatt,Walzenhausen
AR,Vorderland,1503,Wolfhalden,3038,1I3Rl,https://tagblatt.ch/gemeinde/wolfhalden-9427.rss,stgallertagblatt,Wolfhalden
AI,Kt. Appenzell i.Rh.,1600,Appenzell,3101,1cYME,https://tagblatt.ch/gemeinde/appenzell-9050.rss,stgallertagblatt,Appenzell
AI,Kt. Appenzell i.Rh.,1600,Gonten,3102,1FjXf,https://tagblatt.ch/gemeinde/gonten-9108.rss,stgallertagblatt,Gonten
AI,Kt. Appenzell i.Rh.,1600,Rüte,3103,1ebSt,https://tagblatt.ch/gemeinde/ruete-9050.rss,stgallertagblatt,Rüte
AI,Kt. Appenzell i.Rh.,1600,Schlatt-Haslen,3104,1dbq1,https://tagblatt.ch/gemeinde/schlatt-haslen-9054.rss,stgallertagblatt,Schlatt-Haslen
AI,Kt. Appenzell i.Rh.,1600,Schwende,3105,1RRjH,https://tagblatt.ch/gemeinde/schwende-9057.rss,stgallertagblatt,Schwende
AI,Kt. Appenzell i.Rh.,1600,Oberegg,3111,183Ik,https://tagblatt.ch/gemeinde/oberegg-9413.rss,stgallertagblatt,Oberegg
SG,St. Gallen,1721,Häggenschwil,3201,1jZpP,https://tagblatt.ch/gemeinde/haeggenschwil-9312.rss,stgallertagblatt,Häggenschwil
SG,St. Gallen,1721,Muolen,3202,19ALR,https://tagblatt.ch/gemeinde/muolen-9313.rss,stgallertagblatt,Muolen
SG,St. Gallen,1721,St. Gallen,3203,7N5wQ,https://tagblatt.ch/gemeinde/stadt-stgallen-9000.rss,stgallertagblatt,St. Gallen
SG,St. Gallen,1721,Wittenbach,3204,1SU9H,https://tagblatt.ch/gemeinde/wittenbach-9300.rss,stgallertagblatt,Wittenbach
SG,Rorschach,1722,Berg (SG),3211,1LUIh,https://tagblatt.ch/gemeinde/berg-sg-9305.rss,stgallertagblatt,Berg (SG)
SG,St. Gallen,1721,Eggersriet,3212,1mUZX,https://tagblatt.ch/gemeinde/eggersriet-9034.rss,stgallertagblatt,Eggersriet
SG,Rorschach,1722,Goldach,3213,1GXqQ,https://tagblatt.ch/gemeinde/goldach-9403.rss,stgallertagblatt,Goldach
SG,Rorschach,1722,Mörschwil,3214,1JAX2,https://tagblatt.ch/gemeinde/moerschwil-9402.rss,stgallertagblatt,Mörschwil
SG,Rorschach,1722,Rorschach,3215,1xAcF,https://tagblatt.ch/gemeinde/rorschach-9400.rss,stgallertagblatt,Rorschach
SG,Rorschach,1722,Rorschacherberg,3216,1pTMm,https://tagblatt.ch/gemeinde/rorschacherberg-9404.rss,stgallertagblatt,Rorschacherberg
SG,Rorschach,1722,Steinach,3217,1OZjT,https://tagblatt.ch/gemeinde/steinach-9323.rss,stgallertagblatt,Steinach
SG,Rorschach,1722,Tübach,3218,1UZiG,https://tagblatt.ch/gemeinde/tuebach-9327.rss,stgallertagblatt,Tübach
SG,Rorschach,1722,Untereggen,3219,1VXxs,https://tagblatt.ch/gemeinde/untereggen-9033.rss,stgallertagblatt,Untereggen
SG,Rheintal,1723,Au (SG),3231,1eaz0,https://tagblatt.ch/gemeinde/au-9434.rss,stgallertagblatt,Au
SG,Rheintal,1723,Balgach,3232,1daVP,https://tagblatt.ch/gemeinde/balgach-9436.rss,stgallertagblatt,Balgach
SG,Rheintal,1723,Berneck,3233,1FBhL,https://tagblatt.ch/gemeinde/berneck-9442.rss,stgallertagblatt,Berneck
SG,Rheintal,1723,Diepoldsau,3234,1vllv,https://tagblatt.ch/gemeinde/diepoldsau-9444.rss,stgallertagblatt,Diepoldsau
SG,Rheintal,1723,Rheineck,3235,1hYUI,https://tagblatt.ch/gemeinde/rheineck-9424.rss,stgallertagblatt,Rheineck
SG,Rheintal,1723,St. Margrethen,3236,1lavw,https://tagblatt.ch/gemeinde/st-margrethen-9430.rss,stgallertagblatt,St. Margrethen
SG,Rorschach,1722,Thal,3237,71Xk1,https://tagblatt.ch/gemeinde/thal-9425.rss,stgallertagblatt,Thal
SG,Rheintal,1723,Widnau,3238,1XLRg,https://tagblatt.ch/gemeinde/widnau-9443.rss,stgallertagblatt,Widnau
SG,Rheintal,1723,Altstätten,3251,1BYuX,https://tagblatt.ch/gemeinde/altstaetten-9450.rss,stgallertagblatt,Altstätten
SG,Rheintal,1723,Eichberg,3252,7UYHV,https://tagblatt.ch/gemeinde/eichberg-9453.rss,stgallertagblatt,Eichberg
SG,Rheintal,1723,Marbach (SG),3253,1ka4t,https://tagblatt.ch/gemeinde/marbach-9437.rss,stgallertagblatt,Marbach
SG,Rheintal,1723,Oberriet (SG),3254,15BeG,https://tagblatt.ch/gemeinde/oberriet-9463.rss,stgallertagblatt,Oberriet
SG,Rheintal,1723,Rebstein,3255,1Kl6q,https://tagblatt.ch/gemeinde/rebstein-9445.rss,stgallertagblatt,Rebstein
SG,Rheintal,1723,Rüthi (SG),3256,13Yg3,https://tagblatt.ch/gemeinde/ruethi-9464.rss,stgallertagblatt,Rüthi
SG,Werdenberg,1724,Buchs (SG),3271,1fLzA,https://tagblatt.ch/gemeinde/buchs-9470.rss,stgallertagblatt,Buchs
SG,Werdenberg,1724,Gams,3272,14lCF,https://tagblatt.ch/gemeinde/gams-9473.rss,stgallertagblatt,Gams
SG,Werdenberg,1724,Grabs,3273,1YBJT,https://tagblatt.ch/gemeinde/grabs-9472.rss,stgallertagblatt,Grabs
SG,Werdenberg,1724,Sennwald,3274,1saby,https://tagblatt.ch/gemeinde/sennwald-9466.rss,stgallertagblatt,Sennwald
SG,Werdenberg,1724,Sevelen,3275,1ZRHp,https://tagblatt.ch/gemeinde/sevelen-9475.rss,stgallertagblatt,Sevelen
SG,Werdenberg,1724,Wartau,3276,1QLGQ,https://tagblatt.ch/gemeinde/wartau-9478.rss,stgallertagblatt,Wartau
SG,Sarganserland,1725,Bad Ragaz,3291,NA,NA,NA,Bad Ragaz
SG,Sarganserland,1725,Flums,3292,NA,NA,NA,Flums
SG,Sarganserland,1725,Mels,3293,NA,NA,NA,Mels
SG,Sarganserland,1725,Pfäfers,3294,NA,NA,NA,Pfäfers
SG,Sarganserland,1725,Quarten,3295,NA,NA,NA,Quarten
SG,Sarganserland,1725,Sargans,3296,NA,NA,NA,Sargans
SG,Sarganserland,1725,Vilters-Wangs,3297,NA,NA,NA,Vilters-Wangs
SG,Sarganserland,1725,Walenstadt,3298,NA,NA,NA,Walenstadt
SG,See-Gaster,1726,Amden,3311,NA,NA,NA,Amden
SG,See-Gaster,1726,Benken (SG),3312,NA,NA,NA,Benken 
SG,See-Gaster,1726,Kaltbrunn,3313,NA,NA,NA,Kaltbrunn
SG,See-Gaster,1726,Schänis,3315,NA,NA,NA,Schänis
SG,See-Gaster,1726,Weesen,3316,NA,NA,NA,Weesen
SG,See-Gaster,1726,Schmerikon,3338,NA,NA,NA,Schmerikon
SG,See-Gaster,1726,Uznach,3339,NA,NA,NA,Uznach
SG,See-Gaster,1726,Rapperswil-Jona,3340,NA,NA,NA,Rapperswil-Jona
SG,See-Gaster,1726,Gommiswald,3341,NA,NA,NA,Gommiswald
SG,See-Gaster,1726,Eschenbach (SG),3342,NA,NA,NA,Eschenbach
SG,Toggenburg,1727,Ebnat-Kappel,3352,1iTiq,https://tagblatt.ch/gemeinde/ebnat-kappel-9642.rss,stgallertagblatt,Ebnat-Kappel
SG,Toggenburg,1727,Wildhaus-Alt St. Johann,3359,NA,NA,stgallertagblatt,Wildhaus-Alt St. Johann
SG,Toggenburg,1727,Nesslau,3360,7fash,https://tagblatt.ch/gemeinde/nesslau-9650.rss,stgallertagblatt,Nesslau
SG,Toggenburg,1727,Hemberg,3372,1aikk,https://tagblatt.ch/gemeinde/hemberg-9633.rss,stgallertagblatt,Hemberg
SG,Toggenburg,1727,Lichtensteig,3374,1zX3f,https://tagblatt.ch/gemeinde/lichtensteig-9620.rss,stgallertagblatt,Lichtensteig
SG,Toggenburg,1727,Oberhelfenschwil,3375,12Zcy,https://tagblatt.ch/gemeinde/oberhelfenschwil-9621.rss,stgallertagblatt,Oberhelfenschwil
SG,Toggenburg,1727,Neckertal,3378,1AA8A,https://tagblatt.ch/gemeinde/neckertal-9126.rss,stgallertagblatt,Neckertal
SG,Toggenburg,1727,Wattwil,3379,1gZQL,https://tagblatt.ch/gemeinde/wattwil-9630.rss,stgallertagblatt,Wattwil
SG,Toggenburg,1727,Kirchberg (SG),3392,1WUw3,https://tagblatt.ch/gemeinde/kirchberg-9533.rss,stgallertagblatt,Kirchberg
SG,Toggenburg,1727,Lütisburg,3393,7HAPg,https://tagblatt.ch/gemeinde/luetisburg-9604.rss,stgallertagblatt,Lütisburg
SG,Toggenburg,1727,Mosnang,3394,1NXZr,https://tagblatt.ch/gemeinde/mosnang-9607.rss,stgallertagblatt,Mosnang
SG,Toggenburg,1727,Bütschwil-Ganterschwil,3395,1wA5E,https://tagblatt.ch/gemeinde/buetschwil-ganterschwil-9606.rss,stgallertagblatt,Bütschwil-Ganterschwil
SG,Wil,1728,Degersheim,3401,7NUql,https://tagblatt.ch/gemeinde/degersheim-9113.rss,stgallertagblatt,Degersheim
SG,Wil,1728,Flawil,3402,17YGh,https://tagblatt.ch/gemeinde/flawil-9230.rss,stgallertagblatt,Flawil
SG,Wil,1728,Jonschwil,3405,1banH,https://tagblatt.ch/gemeinde/jonschwil-9243.rss,stgallertagblatt,Jonschwil
SG,Wil,1728,Oberuzwil,3407,1CYfk,https://tagblatt.ch/gemeinde/oberuzwil-9242.rss,stgallertagblatt,Oberuzwil
SG,Wil,1728,Uzwil,3408,1PR11,https://tagblatt.ch/gemeinde/uzwil-9240.rss,stgallertagblatt,Uzwil
SG,Wil,1728,Niederbüren,3422,1oLs2,https://tagblatt.ch/gemeinde/niederbueren-9246.rss,stgallertagblatt,Niederbüren
SG,Wil,1728,Niederhelfenschwil,3423,1Tl4E,https://tagblatt.ch/gemeinde/niederhelfenschwil-9527.rss,stgallertagblatt,Niederhelfenschwil
SG,Wil,1728,Oberbüren,3424,1tlJm,https://tagblatt.ch/gemeinde/oberbueren-9245.rss,stgallertagblatt,Oberbüren
SG,Wil,1728,Zuzwil (SG),3426,1ERUs,https://tagblatt.ch/gemeinde/zuzwil-9524.rss,stgallertagblatt,Zuzwil
SG,Wil,1728,Wil (SG),3427,77Lgf,https://tagblatt.ch/gemeinde/wil-9500.rss,stgallertagblatt,Wil
SG,St. Gallen,1721,Andwil (SG),3441,1Ii7I,https://tagblatt.ch/gemeinde/andwil-9204.rss,stgallertagblatt,Andwil
SG,St. Gallen,1721,Gaiserwald,3442,1qUPw,https://tagblatt.ch/gemeinde/gaiserwald-9030.rss,stgallertagblatt,Gaiserwald
SG,St. Gallen,1721,Gossau (SG),3443,11iEl,https://tagblatt.ch/gemeinde/gossau-9200.rss,stgallertagblatt,Gossau (SG)
SG,St. Gallen,1721,Waldkirch,3444,7kTQv,https://tagblatt.ch/gemeinde/waldkirch-9205.rss,stgallertagblatt,Waldkirch
AG,Aarau,1901,Aarau,4001,nwch:1,https://www.aargauerzeitung.ch/gemeinde/aarau-5000.rss,nwch:aaz2016,Aarau
AG,Aarau,1901,Biberstein,4002,nwch:34,https://www.aargauerzeitung.ch/gemeinde/biberstein-5023.rss,nwch:aaz2016,Biberstein
AG,Aarau,1901,Buchs (AG),4003,nwch:2526,https://www.aargauerzeitung.ch/gemeinde/buchs-ag-5033.rss,nwch:aaz2016,Buchs
AG,Aarau,1901,Densbüren,4004,nwch:1345,https://www.aargauerzeitung.ch/gemeinde/densbueren-5026.rss,nwch:aaz2016,Densbüren
AG,Aarau,1901,Erlinsbach (AG),4005,nwch:1353,https://www.aargauerzeitung.ch/gemeinde/erlinsbach-5018.rss,nwch:aaz2016,Erlinsbach (AG)
AG,Aarau,1901,Gränichen,4006,nwch:1369,https://www.aargauerzeitung.ch/gemeinde/graenichen-5722.rss,nwch:aaz2016,Gränichen
AG,Aarau,1901,Hirschthal,4007,nwch:112,https://www.aargauerzeitung.ch/gemeinde/hirschthal-5042.rss,nwch:aaz2016,Hirschthal
AG,Aarau,1901,Küttigen,4008,nwch:135,https://www.aargauerzeitung.ch/gemeinde/kuettigen-5024.rss,nwch:aaz2016,Küttigen
AG,Aarau,1901,Muhen,4009,nwch:1420,https://www.aargauerzeitung.ch/gemeinde/muhen-5037.rss,nwch:aaz2016,Muhen
AG,Aarau,1901,Oberentfelden,4010,nwch:161,https://www.aargauerzeitung.ch/gemeinde/oberentfelden-5036.rss,nwch:aaz2016,Oberentfelden
AG,Aarau,1901,Suhr,4012,nwch:210,https://www.aargauerzeitung.ch/gemeinde/suhr-5034.rss,nwch:aaz2016,Suhr
AG,Aarau,1901,Unterentfelden,4013,nwch:220,https://www.aargauerzeitung.ch/gemeinde/unterentfelden-5035.rss,nwch:aaz2016,Unterentfelden
AG,Baden,1902,Baden,4021,nwch:20,https://www.badenertagblatt.ch/gemeinde/baden-5400.rss,nwch:bat2016,Baden
AG,Baden,1902,Bellikon,4022,nwch:1320,https://www.aargauerzeitung.ch/gemeinde/bellikon-5454.rss,nwch:aaz2016,Bellikon
AG,Baden,1902,Bergdietikon,4023,nwch:1323,https://www.aargauerzeitung.ch/gemeinde/bergdietikon-8963.rss,nwch:aaz2016,Bergdietikon
AG,Baden,1902,Birmenstorf (AG),4024,nwch:1327,https://www.aargauerzeitung.ch/gemeinde/birmenstorf-5413.rss,nwch:aaz2016,Birmenstorf
AG,Baden,1902,Ennetbaden,4026,nwch:75,https://www.aargauerzeitung.ch/gemeinde/ennetbaden-5408.rss,nwch:aaz2016,Ennetbaden
AG,Baden,1902,Fislisbach,4027,nwch:83,https://www.aargauerzeitung.ch/gemeinde/fislisbach-5442.rss,nwch:aaz2016,Fislisbach
AG,Baden,1902,Freienwil,4028,nwch:84,https://www.aargauerzeitung.ch/gemeinde/freienwil-5423.rss,nwch:aaz2016,Freienwil
AG,Baden,1902,Gebenstorf,4029,nwch:88,https://www.aargauerzeitung.ch/gemeinde/gebenstorf-5412.rss,nwch:aaz2016,Gebenstorf
AG,Baden,1902,Killwangen,4030,nwch:126,https://www.aargauerzeitung.ch/gemeinde/killwangen-8956.rss,nwch:aaz2016,Killwangen
AG,Baden,1902,Künten,4031,nwch:1406,https://www.aargauerzeitung.ch/gemeinde/kuenten-5444.rss,nwch:aaz2016,Künten
AG,Baden,1902,Mägenwil,4032,nwch:142,https://www.aargauerzeitung.ch/gemeinde/maegenwil-5506.rss,nwch:aaz2016,Mägenwil
AG,Baden,1902,Mellingen,4033,nwch:146,https://www.aargauerzeitung.ch/gemeinde/mellingen-5507.rss,nwch:aaz2016,Mellingen
AG,Baden,1902,Neuenhof,4034,nwch:158,https://www.aargauerzeitung.ch/gemeinde/neuenhof-5432.rss,nwch:aaz2016,Neuenhof
AG,Baden,1902,Niederrohrdorf,4035,nwch:1431,https://www.aargauerzeitung.ch/gemeinde/niederrohrdorf-5443.rss,nwch:aaz2016,Niederrohrdorf
AG,Baden,1902,Oberrohrdorf,4037,nwch:1439,https://www.aargauerzeitung.ch/gemeinde/oberrohrdorf-5452.rss,nwch:aaz2016,Oberrohrdorf
AG,Baden,1902,Obersiggenthal,4038,nwch:2544,https://www.aargauerzeitung.ch/gemeinde/obersiggenthal-nussbaumen-5415.rss,nwch:aaz2016,Obersiggenthal
AG,Baden,1902,Remetschwil,4039,nwch:1448,https://www.aargauerzeitung.ch/gemeinde/remetschwil-5453.rss,nwch:aaz2016,Remetschwil
AG,Baden,1902,Spreitenbach,4040,nwch:203,https://www.aargauerzeitung.ch/gemeinde/spreitenbach-8957.rss,nwch:aaz2016,Spreitenbach
AG,Baden,1902,Stetten (AG),4041,nwch:2547,https://www.aargauerzeitung.ch/gemeinde/stetten-ag-5608.rss,nwch:aaz2016,Stetten
AG,Baden,1902,Turgi,4042,nwch:1470,https://www.aargauerzeitung.ch/gemeinde/turgi-5300.rss,nwch:aaz2016,Turgi
AG,Baden,1902,Untersiggenthal,4044,nwch:222,https://www.aargauerzeitung.ch/gemeinde/untersiggenthal-5417.rss,nwch:aaz2016,Untersiggenthal
AG,Baden,1902,Wettingen,4045,nwch:229,https://www.aargauerzeitung.ch/gemeinde/wettingen-5430.rss,nwch:aaz2016,Wettingen
AG,Baden,1902,Wohlenschwil,4046,nwch:48,https://www.aargauerzeitung.ch/gemeinde/wohlenschwil-5512.rss,nwch:aaz2016,Wohlenschwil
AG,Baden,1902,Würenlingen,4047,nwch:236,https://www.aargauerzeitung.ch/gemeinde/wuerenlingen-5303.rss,nwch:aaz2016,Würenlingen
AG,Baden,1902,Würenlos,4048,nwch:171,https://www.aargauerzeitung.ch/gemeinde/wuerenlos-5436.rss,nwch:aaz2016,Würenlos
AG,Baden,1902,Ehrendingen,4049,nwch:1351,https://www.aargauerzeitung.ch/gemeinde/ehrendingen-5420.rss,nwch:aaz2016,Ehrendingen
AG,Bremgarten,1903,Arni (AG),4061,nwch:2549,https://www.aargauerzeitung.ch/gemeinde/arni-ag-8905.rss,nwch:aaz2016,Arni
AG,Bremgarten,1903,Berikon,4062,nwch:1325,https://www.aargauerzeitung.ch/gemeinde/berikon-8965.rss,nwch:aaz2016,Berikon
AG,Bremgarten,1903,Bremgarten (AG),4063,nwch:2550,https://www.aargauerzeitung.ch/gemeinde/bremgarten-ag-5620.rss,nwch:aaz2016,Bremgarten
AG,Bremgarten,1903,Büttikon,4064,nwch:1341,https://www.aargauerzeitung.ch/gemeinde/buettikon-5619.rss,nwch:aaz2016,Büttikon
AG,Bremgarten,1903,Dottikon,4065,nwch:1347,https://www.aargauerzeitung.ch/gemeinde/dottikon-5605.rss,nwch:aaz2016,Dottikon
AG,Bremgarten,1903,Eggenwil,4066,nwch:69,https://www.aargauerzeitung.ch/gemeinde/eggenwil-5445.rss,nwch:aaz2016,Eggenwil
AG,Bremgarten,1903,Fischbach-Göslikon,4067,nwch:81,https://www.aargauerzeitung.ch/gemeinde/fischbach-goeslikon-5525.rss,nwch:aaz2016,Fischbach-Göslikon
AG,Bremgarten,1903,Hägglingen,4068,nwch:1373,https://www.aargauerzeitung.ch/gemeinde/haegglingen-5607.rss,nwch:aaz2016,Hägglingen
AG,Bremgarten,1903,Jonen,4071,nwch:1391,https://www.aargauerzeitung.ch/gemeinde/jonen-8916.rss,nwch:aaz2016,Jonen
AG,Bremgarten,1903,Niederwil (AG),4072,nwch:2551,https://www.aargauerzeitung.ch/gemeinde/niederwil-ag-5524.rss,nwch:aaz2016,Niederwil
AG,Bremgarten,1903,Oberlunkhofen,4073,nwch:164,https://www.aargauerzeitung.ch/gemeinde/oberlunkhofen-8917.rss,nwch:aaz2016,Oberlunkhofen
AG,Bremgarten,1903,Oberwil-Lieli,4074,nwch:140,https://www.aargauerzeitung.ch/gemeinde/oberwil-lieli-8966.rss,nwch:aaz2016,Oberwil-Lieli
AG,Bremgarten,1903,Rudolfstetten-Friedlisberg,4075,nwch:86,https://www.aargauerzeitung.ch/gemeinde/rudolfstetten-friedlisberg-8964.rss,nwch:aaz2016,Rudolfstetten-Friedlisberg
AG,Bremgarten,1903,Sarmenstorf,4076,nwch:190,https://www.aargauerzeitung.ch/gemeinde/sarmenstorf-5614.rss,nwch:aaz2016,Sarmenstorf
AG,Bremgarten,1903,Tägerig,4077,nwch:55,https://www.aargauerzeitung.ch/gemeinde/taegerig-5522.rss,nwch:aaz2016,Tägerig
AG,Bremgarten,1903,Uezwil,4078,nwch:57,https://www.aargauerzeitung.ch/gemeinde/uezwil-5619.rss,nwch:aaz2016,Uezwil
AG,Bremgarten,1903,Unterlunkhofen,4079,nwch:221,https://www.aargauerzeitung.ch/gemeinde/unterlunkhofen-8918.rss,nwch:aaz2016,Unterlunkhofen
AG,Bremgarten,1903,Villmergen,4080,nwch:225,https://www.aargauerzeitung.ch/gemeinde/villmergen-5612.rss,nwch:aaz2016,Villmergen
AG,Bremgarten,1903,Widen,4081,nwch:230,https://www.aargauerzeitung.ch/gemeinde/widen-8967.rss,nwch:aaz2016,Widen
AG,Bremgarten,1903,Wohlen (AG),4082,nwch:2552,https://www.aargauerzeitung.ch/gemeinde/wohlen-ag-5610.rss,nwch:aaz2016,Wohlen
AG,Bremgarten,1903,Zufikon,4083,nwch:98,https://www.aargauerzeitung.ch/gemeinde/zufikon-5621.rss,nwch:aaz2016,Zufikon
AG,Bremgarten,1903,Islisberg,4084,nwch:14,https://www.aargauerzeitung.ch/gemeinde/islisberg-8905.rss,nwch:aaz2016,Islisberg
AG,Brugg,1904,Auenstein,4091,nwch:17,https://www.aargauerzeitung.ch/gemeinde/auenstein-5105.rss,nwch:aaz2016,Auenstein
AG,Brugg,1904,Birr,4092,nwch:1328,https://www.aargauerzeitung.ch/gemeinde/birr-5242.rss,nwch:aaz2016,Birr
AG,Brugg,1904,Birrhard,4093,nwch:37,https://www.aargauerzeitung.ch/gemeinde/birrhard-5244.rss,nwch:aaz2016,Birrhard
AG,Brugg,1904,Bözen,4094,nwch:43,https://www.aargauerzeitung.ch/gemeinde/boezen-5076.rss,nwch:aaz2016,Bözen
AG,Brugg,1904,Brugg,4095,nwch:1332,https://www.aargauerzeitung.ch/gemeinde/brugg-5200.rss,nwch:aaz2016,Brugg
AG,Brugg,1904,Effingen,4096,nwch:1348,https://www.aargauerzeitung.ch/gemeinde/effingen-5078.rss,nwch:aaz2016,Effingen
AG,Brugg,1904,Elfingen,4097,nwch:73,https://www.aargauerzeitung.ch/gemeinde/elfingen-5077.rss,nwch:aaz2016,Elfingen
AG,Brugg,1904,Habsburg,4099,nwch:94,https://www.aargauerzeitung.ch/gemeinde/habsburg-5245.rss,nwch:aaz2016,Habsburg
AG,Brugg,1904,Hausen (AG),4100,nwch:2553,https://www.aargauerzeitung.ch/gemeinde/hausen-ag-5212.rss,nwch:aaz2016,Hausen
AG,Brugg,1904,Lupfig,4104,nwch:36,https://www.aargauerzeitung.ch/gemeinde/lupfig-5242.rss,nwch:aaz2016,Lupfig
AG,Brugg,1904,Mandach,4105,nwch:143,https://www.aargauerzeitung.ch/gemeinde/mandach-5318.rss,nwch:aaz2016,Mandach
AG,Brugg,1904,Mönthal,4106,nwch:12,https://www.aargauerzeitung.ch/gemeinde/moenthal-5237.rss,nwch:aaz2016,Mönthal
AG,Brugg,1904,Mülligen,4107,nwch:154,https://www.aargauerzeitung.ch/gemeinde/muelligen-5243.rss,nwch:aaz2016,Mülligen
AG,Brugg,1904,Remigen,4110,nwch:177,https://www.aargauerzeitung.ch/gemeinde/remigen-5236.rss,nwch:aaz2016,Remigen
AG,Brugg,1904,Riniken,4111,nwch:182,https://www.aargauerzeitung.ch/gemeinde/riniken-5223.rss,nwch:aaz2016,Riniken
AG,Brugg,1904,Rüfenach,4112,nwch:1455,https://www.aargauerzeitung.ch/gemeinde/ruefenach-5235.rss,nwch:aaz2016,Rüfenach
AG,Brugg,1904,Thalheim (AG),4117,nwch:2555,https://www.aargauerzeitung.ch/gemeinde/thalheim-ag-5112.rss,nwch:aaz2016,Thalheim
AG,Brugg,1904,Veltheim (AG),4120,nwch:2556,https://www.aargauerzeitung.ch/gemeinde/veltheim-ag-5106.rss,nwch:aaz2016,Veltheim
AG,Brugg,1904,Villigen,4121,nwch:121,https://www.aargauerzeitung.ch/gemeinde/villigen-5232.rss,nwch:aaz2016,Villigen
AG,Brugg,1904,Villnachern,4122,nwch:226,https://www.aargauerzeitung.ch/gemeinde/villnachern-5213.rss,nwch:aaz2016,Villnachern
AG,Brugg,1904,Windisch,4123,nwch:232,https://www.aargauerzeitung.ch/gemeinde/windisch-5210.rss,nwch:aaz2016,Windisch
AG,Brugg,1904,Bözberg,4124,nwch:1471,https://www.aargauerzeitung.ch/gemeinde/boezberg-unter-oberboezberg-linn-gallenkirch-5224.rss,nwch:aaz2016,Bözberg
AG,Brugg,1904,Schinznach,4125,nwch:194,https://www.aargauerzeitung.ch/gemeinde/schinznach-5107.rss,nwch:aaz2016,Schinznach
AG,Kulm,1905,Beinwil am See,4131,nwch:2581,https://www.aargauerzeitung.ch/gemeinde/beinwil-am-see-5712.rss,nwch:aaz2016,Beinwil am See
AG,Kulm,1905,Birrwil,4132,nwch:38,https://www.aargauerzeitung.ch/gemeinde/birrwil-5708.rss,nwch:aaz2016,Birrwil
AG,Kulm,1905,Burg (AG),4133,nwch:2582,https://www.aargauerzeitung.ch/gemeinde/burg-ag-5736.rss,nwch:aaz2016,Burg
AG,Kulm,1905,Dürrenäsch,4134,nwch:66,https://www.aargauerzeitung.ch/gemeinde/duerrenaesch-5724.rss,nwch:aaz2016,Dürrenäsch
AG,Kulm,1905,Gontenschwil,4135,nwch:1368,https://www.aargauerzeitung.ch/gemeinde/gontenschwil-5728.rss,nwch:aaz2016,Gontenschwil
AG,Kulm,1905,Holziken,4136,nwch:114,https://www.aargauerzeitung.ch/gemeinde/holziken-5043.rss,nwch:aaz2016,Holziken
AG,Kulm,1905,Leimbach (AG),4137,nwch:2583,https://www.aargauerzeitung.ch/gemeinde/leimbach-ag-5733.rss,nwch:aaz2016,Leimbach
AG,Kulm,1905,Leutwil,4138,nwch:139,https://www.aargauerzeitung.ch/gemeinde/leutwil-5725.rss,nwch:aaz2016,Leutwil
AG,Kulm,1905,Menziken,4139,nwch:148,https://www.aargauerzeitung.ch/gemeinde/menziken-5737.rss,nwch:aaz2016,Menziken
AG,Kulm,1905,Oberkulm,4140,nwch:163,https://www.aargauerzeitung.ch/gemeinde/oberkulm-5727.rss,nwch:aaz2016,Oberkulm
AG,Kulm,1905,Reinach (AG),4141,nwch:2584,https://www.aargauerzeitung.ch/gemeinde/reinach-ag-5734.rss,nwch:aaz2016,Reinach
AG,Kulm,1905,Schlossrued,4142,nwch:129,https://www.aargauerzeitung.ch/gemeinde/schlossrued-5044.rss,nwch:aaz2016,Schlossrued
AG,Kulm,1905,Schmiedrued,4143,nwch:1460,https://www.aargauerzeitung.ch/gemeinde/schmiedrued-5046.rss,nwch:aaz2016,Schmiedrued
AG,Kulm,1905,Schöftland,4144,nwch:196,https://www.aargauerzeitung.ch/gemeinde/schoeftland-5040.rss,nwch:aaz2016,Schöftland
AG,Kulm,1905,Teufenthal (AG),4145,nwch:2585,https://www.aargauerzeitung.ch/gemeinde/teufenthal-ag-5723.rss,nwch:aaz2016,Teufenthal
AG,Kulm,1905,Unterkulm,4146,nwch:214,https://www.aargauerzeitung.ch/gemeinde/unterkulm-5726.rss,nwch:aaz2016,Unterkulm
AG,Kulm,1905,Zetzwil,4147,nwch:238,https://www.aargauerzeitung.ch/gemeinde/zetzwil-5732.rss,nwch:aaz2016,Zetzwil
AG,Laufenburg,1906,Eiken,4161,nwch:72,https://www.aargauerzeitung.ch/gemeinde/eiken-5074.rss,nwch:aaz2016,Eiken
AG,Laufenburg,1906,Frick,4163,nwch:85,https://www.aargauerzeitung.ch/gemeinde/frick-5070.rss,nwch:aaz2016,Frick
AG,Laufenburg,1906,Gansingen,4164,nwch:52,https://www.aargauerzeitung.ch/gemeinde/gansingen-5272.rss,nwch:aaz2016,Gansingen
AG,Laufenburg,1906,Gipf-Oberfrick,4165,nwch:89,https://www.aargauerzeitung.ch/gemeinde/gipf-oberfrick-5073.rss,nwch:aaz2016,Gipf-Oberfrick
AG,Laufenburg,1906,Herznach,4166,nwch:1383,https://www.aargauerzeitung.ch/gemeinde/herznach-5027.rss,nwch:aaz2016,Herznach
AG,Laufenburg,1906,Hornussen,4167,nwch:116,https://www.aargauerzeitung.ch/gemeinde/hornussen-5075.rss,nwch:aaz2016,Hornussen
AG,Laufenburg,1906,Kaisten,4169,nwch:1393,https://www.aargauerzeitung.ch/gemeinde/kaisten-5082.rss,nwch:aaz2016,Kaisten
AG,Laufenburg,1906,Laufenburg,4170,nwch:136,https://www.aargauerzeitung.ch/gemeinde/laufenburg-5080.rss,nwch:aaz2016,Laufenburg
AG,Laufenburg,1906,Münchwilen (AG),4172,nwch:2588,https://www.aargauerzeitung.ch/gemeinde/muenchwilen-ag-4333.rss,nwch:aaz2016,Münchwilen
AG,Laufenburg,1906,Oberhof,4173,nwch:28,https://www.aargauerzeitung.ch/gemeinde/oberhof-5062.rss,nwch:aaz2016,Oberhof
AG,Laufenburg,1906,Oeschgen,4175,nwch:170,https://www.aargauerzeitung.ch/gemeinde/oeschgen-5072.rss,nwch:aaz2016,Oeschgen
AG,Laufenburg,1906,Schwaderloch,4176,nwch:198,https://www.aargauerzeitung.ch/gemeinde/schwaderloch-5326.rss,nwch:aaz2016,Schwaderloch
AG,Laufenburg,1906,Sisseln,4177,nwch:202,https://www.aargauerzeitung.ch/gemeinde/sisseln-4334.rss,nwch:aaz2016,Sisseln
AG,Laufenburg,1906,Ueken,4179,nwch:217,https://www.aargauerzeitung.ch/gemeinde/ueken-5028.rss,nwch:aaz2016,Ueken
AG,Laufenburg,1906,Wittnau,4181,nwch:233,https://www.aargauerzeitung.ch/gemeinde/wittnau-5064.rss,nwch:aaz2016,Wittnau
AG,Laufenburg,1906,Wölflinswil,4182,nwch:235,https://www.aargauerzeitung.ch/gemeinde/woelflinswil-5063.rss,nwch:aaz2016,Wölflinswil
AG,Laufenburg,1906,Zeihen,4183,nwch:168,https://www.aargauerzeitung.ch/gemeinde/zeihen-5079.rss,nwch:aaz2016,Zeihen
AG,Laufenburg,1906,Mettauertal,4184,nwch:149,https://www.aargauerzeitung.ch/gemeinde/mettauertal-5274.rss,nwch:aaz2016,Mettauertal
AG,Lenzburg,1907,Ammerswil,4191,nwch:2597,https://www.aargauerzeitung.ch/gemeinde/ammerswil-ag-5600.rss,nwch:aaz2016,Ammerswil
AG,Lenzburg,1907,Boniswil,4192,nwch:7,https://www.aargauerzeitung.ch/gemeinde/boniswil-5706.rss,nwch:aaz2016,Boniswil
AG,Lenzburg,1907,Brunegg,4193,nwch:47,https://www.aargauerzeitung.ch/gemeinde/brunegg-5505.rss,nwch:aaz2016,Brunegg
AG,Lenzburg,1907,Dintikon,4194,nwch:63,https://www.aargauerzeitung.ch/gemeinde/dintikon-5606.rss,nwch:aaz2016,Dintikon
AG,Lenzburg,1907,Egliswil,4195,nwch:70,https://www.aargauerzeitung.ch/gemeinde/egliswil-5704.rss,nwch:aaz2016,Egliswil
AG,Lenzburg,1907,Fahrwangen,4196,nwch:79,https://www.aargauerzeitung.ch/gemeinde/fahrwangen-5615.rss,nwch:aaz2016,Fahrwangen
AG,Lenzburg,1907,Hallwil,4197,nwch:97,https://www.aargauerzeitung.ch/gemeinde/hallwil-5705.rss,nwch:aaz2016,Hallwil
AG,Lenzburg,1907,Hendschiken,4198,nwch:103,https://www.aargauerzeitung.ch/gemeinde/hendschiken-5604.rss,nwch:aaz2016,Hendschiken
AG,Lenzburg,1907,Holderbank (AG),4199,nwch:2598,https://www.aargauerzeitung.ch/gemeinde/holderbank-ag-5113.rss,nwch:aaz2016,Holderbank
AG,Lenzburg,1907,Hunzenschwil,4200,nwch:118,https://www.aargauerzeitung.ch/gemeinde/hunzenschwil-5502.rss,nwch:aaz2016,Hunzenschwil
AG,Lenzburg,1907,Lenzburg,4201,nwch:11,https://www.aargauerzeitung.ch/gemeinde/lenzburg-5600.rss,nwch:aaz2016,Lenzburg
AG,Lenzburg,1907,Meisterschwanden,4202,nwch:144,https://www.aargauerzeitung.ch/gemeinde/meisterschwanden-5616.rss,nwch:aaz2016,Meisterschwanden
AG,Lenzburg,1907,Möriken-Wildegg,4203,nwch:1419,https://www.aargauerzeitung.ch/gemeinde/moeriken-wildegg-5103.rss,nwch:aaz2016,Möriken-Wildegg
AG,Lenzburg,1907,Niederlenz,4204,nwch:159,https://www.aargauerzeitung.ch/gemeinde/niederlenz-5702.rss,nwch:aaz2016,Niederlenz
AG,Lenzburg,1907,Othmarsingen,4205,nwch:173,https://www.aargauerzeitung.ch/gemeinde/othmarsingen-5504.rss,nwch:aaz2016,Othmarsingen
AG,Lenzburg,1907,Rupperswil,4206,nwch:187,https://www.aargauerzeitung.ch/gemeinde/rupperswil-5102.rss,nwch:aaz2016,Rupperswil
AG,Lenzburg,1907,Schafisheim,4207,nwch:1457,https://www.aargauerzeitung.ch/gemeinde/schafisheim-5503.rss,nwch:aaz2016,Schafisheim
AG,Lenzburg,1907,Seengen,4208,nwch:199,https://www.aargauerzeitung.ch/gemeinde/seengen-5707.rss,nwch:aaz2016,Seengen
AG,Lenzburg,1907,Seon,4209,nwch:178,https://www.aargauerzeitung.ch/gemeinde/seon-5703.rss,nwch:aaz2016,Seon
AG,Lenzburg,1907,Staufen,4210,nwch:205,https://www.aargauerzeitung.ch/gemeinde/staufen-5603.rss,nwch:aaz2016,Staufen
AG,Muri,1908,Abtwil,4221,nwch:4,https://www.aargauerzeitung.ch/gemeinde/abtwil-5646.rss,nwch:aaz2016,Abtwil
AG,Muri,1908,Aristau,4222,nwch:1311,https://www.aargauerzeitung.ch/gemeinde/aristau-5628.rss,nwch:aaz2016,Aristau
AG,Muri,1908,Auw,4223,nwch:1316,https://www.aargauerzeitung.ch/gemeinde/auw-5644.rss,nwch:aaz2016,Auw
AG,Muri,1908,Beinwil (Freiamt),4224,nwch:2602,https://www.aargauerzeitung.ch/gemeinde/beinwil-freiamt-5637.rss,nwch:aaz2016,Beinwil (Freiamt)
AG,Muri,1908,Besenbüren,4226,nwch:32,https://www.aargauerzeitung.ch/gemeinde/besenbueren-5627.rss,nwch:aaz2016,Besenbüren
AG,Muri,1908,Bettwil,4227,nwch:1326,https://www.aargauerzeitung.ch/gemeinde/bettwil-5618.rss,nwch:aaz2016,Bettwil
AG,Muri,1908,Boswil,4228,nwch:40,https://www.aargauerzeitung.ch/gemeinde/boswil-5623.rss,nwch:aaz2016,Boswil
AG,Muri,1908,Bünzen,4229,nwch:1336,https://www.aargauerzeitung.ch/gemeinde/buenzen-5624.rss,nwch:aaz2016,Bünzen
AG,Muri,1908,Buttwil,4230,nwch:1342,https://www.aargauerzeitung.ch/gemeinde/buttwil-5632.rss,nwch:aaz2016,Buttwil
AG,Muri,1908,Dietwil,4231,nwch:62,https://www.aargauerzeitung.ch/gemeinde/dietwil-6042.rss,nwch:aaz2016,Dietwil
AG,Muri,1908,Geltwil,4232,nwch:1364,https://www.aargauerzeitung.ch/gemeinde/geltwil-5637.rss,nwch:aaz2016,Geltwil
AG,Muri,1908,Kallern,4233,nwch:1394,https://www.aargauerzeitung.ch/gemeinde/kallern-5625.rss,nwch:aaz2016,Kallern
AG,Muri,1908,Merenschwand,4234,nwch:1416,https://www.aargauerzeitung.ch/gemeinde/merenschwand-5634.rss,nwch:aaz2016,Merenschwand
AG,Muri,1908,Mühlau,4235,nwch:1421,https://www.aargauerzeitung.ch/gemeinde/muehlau-5642.rss,nwch:aaz2016,Mühlau
AG,Muri,1908,Muri (AG),4236,nwch:2603,https://www.aargauerzeitung.ch/gemeinde/muri-ag-5630.rss,nwch:aaz2016,Muri
AG,Muri,1908,Oberrüti,4237,nwch:1440,https://www.aargauerzeitung.ch/gemeinde/oberrueti-5647.rss,nwch:aaz2016,Oberrüti
AG,Muri,1908,Rottenschwil,4238,nwch:1453,https://www.aargauerzeitung.ch/gemeinde/rottenschwil-8919.rss,nwch:aaz2016,Rottenschwil
AG,Muri,1908,Sins,4239,nwch:6,https://www.aargauerzeitung.ch/gemeinde/sins-5643.rss,nwch:aaz2016,Sins
AG,Muri,1908,Waltenschwil,4240,nwch:50,https://www.aargauerzeitung.ch/gemeinde/waltenschwil-5622.rss,nwch:aaz2016,Waltenschwil
AG,Rheinfelden,1909,Hellikon,4251,nwch:102,https://www.aargauerzeitung.ch/gemeinde/hellikon-4316.rss,nwch:aaz2016,Hellikon
AG,Rheinfelden,1909,Kaiseraugst,4252,nwch:122,https://www.aargauerzeitung.ch/gemeinde/kaiseraugst-4303.rss,nwch:aaz2016,Kaiseraugst
AG,Rheinfelden,1909,Magden,4253,nwch:141,https://www.aargauerzeitung.ch/gemeinde/magden-4312.rss,nwch:aaz2016,Magden
AG,Rheinfelden,1909,Möhlin,4254,nwch:1417,https://www.aargauerzeitung.ch/gemeinde/moehlin-4313.rss,nwch:aaz2016,Möhlin
AG,Rheinfelden,1909,Mumpf,4255,nwch:155,https://www.aargauerzeitung.ch/gemeinde/mumpf-4322.rss,nwch:aaz2016,Mumpf
AG,Rheinfelden,1909,Obermumpf,4256,nwch:165,https://www.aargauerzeitung.ch/gemeinde/obermumpf-4324.rss,nwch:aaz2016,Obermumpf
AG,Rheinfelden,1909,Olsberg,4257,nwch:172,https://www.aargauerzeitung.ch/gemeinde/olsberg-4305.rss,nwch:aaz2016,Olsberg
AG,Rheinfelden,1909,Rheinfelden,4258,nwch:179,https://www.aargauerzeitung.ch/gemeinde/rheinfelden-4310.rss,nwch:aaz2016,Rheinfelden
AG,Rheinfelden,1909,Schupfart,4259,nwch:197,https://www.aargauerzeitung.ch/gemeinde/schupfart-4325.rss,nwch:aaz2016,Schupfart
AG,Rheinfelden,1909,Stein (AG),4260,nwch:2608,https://www.aargauerzeitung.ch/gemeinde/stein-ag-4332.rss,nwch:aaz2016,Stein
AG,Rheinfelden,1909,Wallbach,4261,nwch:227,https://www.aargauerzeitung.ch/gemeinde/wallbach-4323.rss,nwch:aaz2016,Wallbach
AG,Rheinfelden,1909,Wegenstetten,4262,nwch:228,https://www.aargauerzeitung.ch/gemeinde/wegenstetten-4317.rss,nwch:aaz2016,Wegenstetten
AG,Rheinfelden,1909,Zeiningen,4263,nwch:237,https://www.aargauerzeitung.ch/gemeinde/zeiningen-4314.rss,nwch:aaz2016,Zeiningen
AG,Rheinfelden,1909,Zuzgen,4264,nwch:240,https://www.aargauerzeitung.ch/gemeinde/zuzgen-4315.rss,nwch:aaz2016,Zuzgen
AG,Zofingen,1910,Aarburg,4271,nwch:3,https://www.aargauerzeitung.ch/gemeinde/aarburg-4663.rss,nwch:aaz2016,Aarburg
AG,Zofingen,1910,Bottenwil,4273,nwch:41,https://www.aargauerzeitung.ch/gemeinde/bottenwil-4814.rss,nwch:aaz2016,Bottenwil
AG,Zofingen,1910,Brittnau,4274,nwch:1330,https://www.aargauerzeitung.ch/gemeinde/brittnau-4803.rss,nwch:aaz2016,Brittnau
AG,Zofingen,1910,Kirchleerau,4275,nwch:1399,https://www.aargauerzeitung.ch/gemeinde/kirchleerau-5054.rss,nwch:aaz2016,Kirchleerau
AG,Zofingen,1910,Kölliken,4276,nwch:1402,https://www.aargauerzeitung.ch/gemeinde/koelliken-5742.rss,nwch:aaz2016,Kölliken
AG,Zofingen,1910,Moosleerau,4277,nwch:128,https://www.aargauerzeitung.ch/gemeinde/moosleerau-5054.rss,nwch:aaz2016,Moosleerau
AG,Zofingen,1910,Murgenthal,4279,nwch:1424,https://www.aargauerzeitung.ch/gemeinde/murgenthal-4853.rss,nwch:aaz2016,Murgenthal
AG,Zofingen,1910,Oftringen,4280,nwch:133,https://www.aargauerzeitung.ch/gemeinde/oftringen-4665.rss,nwch:aaz2016,Oftringen
AG,Zofingen,1910,Reitnau,4281,nwch:175,https://www.aargauerzeitung.ch/gemeinde/reitnau-5057.rss,nwch:aaz2016,Reitnau
AG,Zofingen,1910,Rothrist,4282,nwch:90,https://www.aargauerzeitung.ch/gemeinde/rothrist-4852.rss,nwch:aaz2016,Rothrist
AG,Zofingen,1910,Safenwil,4283,nwch:189,https://www.aargauerzeitung.ch/gemeinde/safenwil-5745.rss,nwch:aaz2016,Safenwil
AG,Zofingen,1910,Staffelbach,4284,nwch:1465,https://www.aargauerzeitung.ch/gemeinde/staffelbach-5053.rss,nwch:aaz2016,Staffelbach
AG,Zofingen,1910,Strengelbach,4285,nwch:209,https://www.aargauerzeitung.ch/gemeinde/strengelbach-4802.rss,nwch:aaz2016,Strengelbach
AG,Zofingen,1910,Uerkheim,4286,nwch:111,https://www.aargauerzeitung.ch/gemeinde/uerkheim-4813.rss,nwch:aaz2016,Uerkheim
AG,Zofingen,1910,Vordemwald,4287,nwch:45,https://www.aargauerzeitung.ch/gemeinde/vordemwald-4803.rss,nwch:aaz2016,Vordemwald
AG,Zofingen,1910,Wiliberg,4288,nwch:231,https://www.aargauerzeitung.ch/gemeinde/wiliberg-5058.rss,nwch:aaz2016,Wiliberg
AG,Zofingen,1910,Zofingen,4289,nwch:239,https://www.aargauerzeitung.ch/gemeinde/zofingen-4800.rss,nwch:aaz2016,Zofingen
AG,Zurzach,1911,Baldingen,4301,nwch:21,https://www.aargauerzeitung.ch/gemeinde/baldingen-5333.rss,nwch:aaz2016,Baldingen
AG,Zurzach,1911,Böbikon,4302,nwch:39,https://www.aargauerzeitung.ch/gemeinde/boebikon-5334.rss,nwch:aaz2016,Böbikon
AG,Zurzach,1911,Böttstein,4303,nwch:42,https://www.aargauerzeitung.ch/gemeinde/boettstein-kleindoettingen-5315.rss,nwch:aaz2016,Böttstein
AG,Zurzach,1911,Döttingen,4304,nwch:65,https://www.aargauerzeitung.ch/gemeinde/doettingen-5312.rss,nwch:aaz2016,Döttingen
AG,Zurzach,1911,Endingen,4305,nwch:74,https://www.aargauerzeitung.ch/gemeinde/endingen-5304.rss,nwch:aaz2016,Endingen
AG,Zurzach,1911,Fisibach,4306,nwch:1358,https://www.aargauerzeitung.ch/gemeinde/fisibach-5467.rss,nwch:aaz2016,Fisibach
AG,Zurzach,1911,Full-Reuenthal,4307,nwch:1361,https://www.aargauerzeitung.ch/gemeinde/full-reuenthal-5324.rss,nwch:aaz2016,Full-Reuenthal
AG,Zurzach,1911,Kaiserstuhl,4308,nwch:123,https://www.aargauerzeitung.ch/gemeinde/kaiserstuhl-5466.rss,nwch:aaz2016,Kaiserstuhl
AG,Zurzach,1911,Klingnau,4309,nwch:130,https://www.aargauerzeitung.ch/gemeinde/klingnau-5313.rss,nwch:aaz2016,Klingnau
AG,Zurzach,1911,Koblenz,4310,nwch:1401,https://www.aargauerzeitung.ch/gemeinde/koblenz-5322.rss,nwch:aaz2016,Koblenz
AG,Zurzach,1911,Leibstadt,4311,nwch:137,https://www.aargauerzeitung.ch/gemeinde/leibstadt-5325.rss,nwch:aaz2016,Leibstadt
AG,Zurzach,1911,Lengnau (AG),4312,nwch:2632,https://www.aargauerzeitung.ch/gemeinde/lengnau-ag-5426.rss,nwch:aaz2016,Lengnau
AG,Zurzach,1911,Leuggern,4313,nwch:1409,https://www.aargauerzeitung.ch/gemeinde/leuggern-5316.rss,nwch:aaz2016,Leuggern
AG,Zurzach,1911,Mellikon,4314,nwch:145,https://www.aargauerzeitung.ch/gemeinde/mellikon-5465.rss,nwch:aaz2016,Mellikon
AG,Zurzach,1911,Rekingen (AG),4315,nwch:2633,https://www.aargauerzeitung.ch/gemeinde/rekingen-ag-5332.rss,nwch:aaz2016,Rekingen
AG,Zurzach,1911,Rietheim,4316,nwch:181,https://www.aargauerzeitung.ch/gemeinde/rietheim-5323.rss,nwch:aaz2016,Rietheim
AG,Zurzach,1911,Rümikon,4317,nwch:186,https://www.aargauerzeitung.ch/gemeinde/ruemikon-5464.rss,nwch:aaz2016,Rümikon
AG,Zurzach,1911,Schneisingen,4318,nwch:1461,https://www.aargauerzeitung.ch/gemeinde/schneisingen-5425.rss,nwch:aaz2016,Schneisingen
AG,Zurzach,1911,Siglistorf,4319,nwch:201,https://www.aargauerzeitung.ch/gemeinde/siglistorf-5462.rss,nwch:aaz2016,Siglistorf
AG,Zurzach,1911,Tegerfelden,4320,nwch:211,https://www.aargauerzeitung.ch/gemeinde/tegerfelden-5306.rss,nwch:aaz2016,Tegerfelden
AG,Zurzach,1911,Wislikofen,4322,nwch:147,https://www.aargauerzeitung.ch/gemeinde/wislikofen-5463.rss,nwch:aaz2016,Wislikofen
AG,Zurzach,1911,Bad Zurzach,4323,nwch:2629,https://www.aargauerzeitung.ch/gemeinde/bad-zurzach-5330.rss,nwch:aaz2016,Bad Zurzach
TG,Arbon,2011,Arbon,4401,1GiFR,https://tagblatt.ch/gemeinde/arbon-9320.rss,stgallertagblatt,Arbon
TG,Arbon,2011,Dozwil,4406,1TEkv,https://tagblatt.ch/gemeinde/dozwil-8582.rss,stgallertagblatt,Dozwil
TG,Arbon,2011,Egnach,4411,1tEdI,https://tagblatt.ch/gemeinde/egnach-9322.rss,stgallertagblatt,Egnach
TG,Arbon,2011,Hefenhofen,4416,1CG9X,https://tagblatt.ch/gemeinde/hefenhofen-8580.rss,stgallertagblatt,Hefenhofen
TG,Arbon,2011,Horn,4421,1O4Bs,https://tagblatt.ch/gemeinde/horn-9326.rss,stgallertagblatt,Horn
TG,Arbon,2011,Kesswil,4426,71i5r,https://tagblatt.ch/gemeinde/kesswil-8593.rss,stgallertagblatt,Kesswil
TG,Arbon,2011,Roggwil (TG),4431,1U4PQ,https://tagblatt.ch/gemeinde/roggwil-9325.rss,stgallertagblatt,Roggwil
TG,Arbon,2011,Romanshorn,4436,1Vip2,https://tagblatt.ch/gemeinde/romanshorn-8590.rss,stgallertagblatt,Romanshorn
TG,Arbon,2011,Salmsach,4441,1BGLh,https://tagblatt.ch/gemeinde/salmsach-8599.rss,stgallertagblatt,Salmsach
TG,Arbon,2011,Sommeri,4446,1mXJH,https://tagblatt.ch/gemeinde/sommeri-8580.rss,stgallertagblatt,Sommeri
TG,Arbon,2011,Uttwil,4451,1q97T,https://tagblatt.ch/gemeinde/uttwil-8592.rss,stgallertagblatt,Uttwil
TG,Arbon,2011,Amriswil,4461,1LXmP,https://tagblatt.ch/gemeinde/amriswil-8580.rss,stgallertagblatt,Amriswil
TG,Weinfelden,2015,Bischofszell,4471,7NXFw,https://tagblatt.ch/gemeinde/bischofszell-9220.rss,stgallertagblatt,Bischofszell
TG,Weinfelden,2015,Erlen,4476,1GKpw,https://tagblatt.ch/gemeinde/erlen-8586.rss,stgallertagblatt,Erlen
TG,Weinfelden,2015,Hauptwil-Gottshaus,4486,1J82P,https://tagblatt.ch/gemeinde/hauptwil-gottshaus-9213.rss,stgallertagblatt,Hauptwil-Gottshaus
TG,Weinfelden,2015,Hohentannen,4495,1xrxG,https://tagblatt.ch/gemeinde/hohentannen-9216.rss,stgallertagblatt,Hohentannen
TG,Weinfelden,2015,Kradolf-Schönenberg,4501,1pyDs,https://tagblatt.ch/gemeinde/kradolf-schoenenberg-9214.rss,stgallertagblatt,Kradolf-Schönenberg
TG,Weinfelden,2015,Sulgen,4506,1UxIl,https://tagblatt.ch/gemeinde/sulgen-8583.rss,stgallertagblatt,Sulgen
TG,Weinfelden,2015,Zihlschlacht-Sitterdorf,4511,1umMF,https://tagblatt.ch/gemeinde/zihlschlacht-sitterdorf-8588.rss,stgallertagblatt,Zihlschlacht-Sitterdorf
TG,Frauenfeld,2012,Basadingen-Schlattingen,4536,19rST,https://tagblatt.ch/gemeinde/basadingen-schlattingen-8254.rss,stgallertagblatt,Basadingen-Schlattingen
TG,Frauenfeld,2012,Diessenhofen,4545,1Hm2v,https://tagblatt.ch/gemeinde/diessenhofen-8253.rss,stgallertagblatt,Diessenhofen
TG,Frauenfeld,2012,Schlatt (TG),4546,18yPf,https://tagblatt.ch/gemeinde/schlatt-8252.rss,stgallertagblatt,Schlatt
TG,Münchwilen,2014,Aadorf,4551,1CQbr,https://tagblatt.ch/gemeinde/aadorf-8355.rss,stgallertagblatt,Aadorf
TG,Frauenfeld,2012,Felben-Wellhausen,4561,1wrEL,https://tagblatt.ch/gemeinde/felben-wellhausen-8552.rss,stgallertagblatt,Felben-Wellhausen
TG,Frauenfeld,2012,Frauenfeld,4566,1iyIp,https://tagblatt.ch/gemeinde/frauenfeld-8500.rss,stgallertagblatt,Frauenfeld
TG,Frauenfeld,2012,Gachnang,4571,1ay8r,https://tagblatt.ch/gemeinde/gachnang-8547.rss,stgallertagblatt,Gachnang
TG,Frauenfeld,2012,Hüttlingen,4590,7H8My,https://tagblatt.ch/gemeinde/huettlingen-8553.rss,stgallertagblatt,Hüttlingen
TG,Frauenfeld,2012,Matzingen,4591,1RmiE,https://tagblatt.ch/gemeinde/matzingen-9548.rss,stgallertagblatt,Matzingen
TG,Frauenfeld,2012,Neunforn,4601,1gxwk,https://tagblatt.ch/gemeinde/neunforn-8525.rss,stgallertagblatt,Neunforn
TG,Frauenfeld,2012,Stettfurt,4606,17QlR,https://tagblatt.ch/gemeinde/stettfurt-9507.rss,stgallertagblatt,Stettfurt
TG,Frauenfeld,2012,Thundorf,4611,1bSHv,https://tagblatt.ch/gemeinde/thundorf-8512.rss,stgallertagblatt,Thundorf
TG,Frauenfeld,2012,Uesslingen-Buch,4616,1oOhP,https://tagblatt.ch/gemeinde/uesslingen-buch-8524.rss,stgallertagblatt,Uesslingen-Buch
TG,Frauenfeld,2012,Warth-Weiningen,4621,1tVKs,https://tagblatt.ch/gemeinde/warth-weiningen-8532.rss,stgallertagblatt,Warth-Weiningen
TG,Kreuzlingen,2013,Altnau,4641,1j4G1,https://tagblatt.ch/gemeinde/altnau-8595.rss,stgallertagblatt,Altnau
TG,Kreuzlingen,2013,Bottighofen,4643,1vExm,https://tagblatt.ch/gemeinde/bottighofen-8598.rss,stgallertagblatt,Bottighofen
TG,Kreuzlingen,2013,Ermatingen,4646,7UGsk,https://tagblatt.ch/gemeinde/ermatingen-8272.rss,stgallertagblatt,Ermatingen
TG,Kreuzlingen,2013,Gottlieben,4651,1S9kL,https://tagblatt.ch/gemeinde/gottlieben-8274.rss,stgallertagblatt,Gottlieben
TG,Kreuzlingen,2013,Güttingen,4656,104wp,https://tagblatt.ch/gemeinde/guettingen-8594.rss,stgallertagblatt,Güttingen
TG,Kreuzlingen,2013,Kemmental,4666,1KE3V,https://tagblatt.ch/gemeinde/kemmental-8565.rss,stgallertagblatt,Kemmental
TG,Kreuzlingen,2013,Kreuzlingen,4671,1hGPl,https://tagblatt.ch/gemeinde/kreuzlingen-8280.rss,stgallertagblatt,Kreuzlingen
TG,Kreuzlingen,2013,Langrickenbach,4681,13G50,https://tagblatt.ch/gemeinde/langrickenbach-8585.rss,stgallertagblatt,Langrickenbach
TG,Kreuzlingen,2013,Lengwil,4683,1WXiy,https://tagblatt.ch/gemeinde/lengwil-8574.rss,stgallertagblatt,Lengwil
TG,Kreuzlingen,2013,Münsterlingen,4691,1ziWA,https://tagblatt.ch/gemeinde/muensterlingen-8596.rss,stgallertagblatt,Münsterlingen
TG,Kreuzlingen,2013,Tägerwilen,4696,14ENq,https://tagblatt.ch/gemeinde/taegerwilen-8274.rss,stgallertagblatt,Tägerwilen
TG,Kreuzlingen,2013,Wäldi,4701,1DXYt,https://tagblatt.ch/gemeinde/waeldi-8564.rss,stgallertagblatt,Wäldi
TG,Weinfelden,2015,Affeltrangen,4711,124dG,https://tagblatt.ch/gemeinde/affeltrangen-9556.rss,stgallertagblatt,Affeltrangen
TG,Münchwilen,2014,Bettwiesen,4716,1PdzX,https://tagblatt.ch/gemeinde/bettwiesen-9553.rss,stgallertagblatt,Bettwiesen
TG,Münchwilen,2014,Bichelsee-Balterswil,4721,77OC0,https://tagblatt.ch/gemeinde/bichelsee-balterswil-8362.rss,stgallertagblatt,Bichelsee-Balterswil
TG,Münchwilen,2014,Braunau,4723,1Edrh,https://tagblatt.ch/gemeinde/braunau-9502.rss,stgallertagblatt,Braunau
TG,Münchwilen,2014,Eschlikon,4724,1cO6H,https://tagblatt.ch/gemeinde/eschlikon-8360.rss,stgallertagblatt,Eschlikon
TG,Münchwilen,2014,Fischingen,4726,1BQA2,https://tagblatt.ch/gemeinde/fischingen-8374.rss,stgallertagblatt,Fischingen
TG,Münchwilen,2014,Lommis,4741,1eHeE,https://tagblatt.ch/gemeinde/lommis-9506.rss,stgallertagblatt,Lommis
TG,Münchwilen,2014,Münchwilen (TG),4746,1dSNm,https://tagblatt.ch/gemeinde/muenchwilen-9542.rss,stgallertagblatt,Münchwilen)
TG,Münchwilen,2014,Rickenbach (TG),4751,1FdRk,https://tagblatt.ch/gemeinde/rickenbach-9532.rss,stgallertagblatt,Rickenbach
TG,Weinfelden,2015,Schönholzerswilen,4756,71K8X,https://tagblatt.ch/gemeinde/schoenholzerswilen-8577.rss,stgallertagblatt,Schönholzerswilen
TG,Münchwilen,2014,Sirnach,4761,1vVg1,https://tagblatt.ch/gemeinde/sirnach-8370.rss,stgallertagblatt,Sirnach
TG,Münchwilen,2014,Tobel-Tägerschen,4776,7UQvf,https://tagblatt.ch/gemeinde/tobel-taegerschen-9554.rss,stgallertagblatt,Tobel-Tägerschen
TG,Münchwilen,2014,Wängi,4781,1kStV,https://tagblatt.ch/gemeinde/waengi-9545.rss,stgallertagblatt,Wängi
TG,Münchwilen,2014,Wilen (TG),4786,15dsl,https://tagblatt.ch/gemeinde/wilen-9535.rss,stgallertagblatt,Wilen
TG,Weinfelden,2015,Wuppenau,4791,1Mmy2,https://tagblatt.ch/gemeinde/wuppenau-9514.rss,stgallertagblatt,Wuppenau
TG,Frauenfeld,2012,Berlingen,4801,7kyw1,https://tagblatt.ch/gemeinde/berlingen-8267.rss,stgallertagblatt,Berlingen
TG,Frauenfeld,2012,Eschenz,4806,10xqV,https://tagblatt.ch/gemeinde/eschenz-8264.rss,stgallertagblatt,Eschenz
TG,Frauenfeld,2012,Herdern,4811,1ymjA,https://tagblatt.ch/gemeinde/herdern-8506.rss,stgallertagblatt,Herdern
TG,Frauenfeld,2012,Homburg,4816,1zKc0,https://tagblatt.ch/gemeinde/homburg-8507.rss,stgallertagblatt,Homburg
TG,Frauenfeld,2012,Hüttwilen,4821,1NKWH,https://tagblatt.ch/gemeinde/huettwilen-8536.rss,stgallertagblatt,Hüttwilen
TG,Frauenfeld,2012,Mammern,4826,1Ar7t,https://tagblatt.ch/gemeinde/mammern-8265.rss,stgallertagblatt,Mammern
TG,Frauenfeld,2012,Müllheim,4831,12xxq,https://tagblatt.ch/gemeinde/muellheim-8555.rss,stgallertagblatt,Müllheim
TG,Frauenfeld,2012,Pfyn,4841,16KL3,https://tagblatt.ch/gemeinde/pfyn-8505.rss,stgallertagblatt,Pfyn
TG,Kreuzlingen,2013,Raperswilen,4846,7SE7F,https://tagblatt.ch/gemeinde/raperswilen-8558.rss,stgallertagblatt,Raperswilen
TG,Kreuzlingen,2013,Salenstein,4851,1NiJE,https://tagblatt.ch/gemeinde/salenstein-8268.rss,stgallertagblatt,Salenstein
TG,Frauenfeld,2012,Steckborn,4864,7Empg,https://tagblatt.ch/gemeinde/steckborn-8266.rss,stgallertagblatt,Steckborn
TG,Frauenfeld,2012,Wagenhausen,4871,1TVtL,https://tagblatt.ch/gemeinde/wagenhausen-8259.rss,stgallertagblatt,Wagenhausen
TG,Weinfelden,2015,Amlikon-Bissegg,4881,1g4sf,https://tagblatt.ch/gemeinde/amlikon-bissegg-8514.rss,stgallertagblatt,Amlikon-Bissegg
TG,Weinfelden,2015,Berg (TG),4891,16iAg,https://tagblatt.ch/gemeinde/berg-8572.rss,stgallertagblatt,Berg (TG)
TG,Weinfelden,2015,Birwinken,4901,1rGr3,https://tagblatt.ch/gemeinde/birwinken-8585.rss,stgallertagblatt,Birwinken
TG,Weinfelden,2015,Bürglen (TG),4911,11yLg,https://tagblatt.ch/gemeinde/buerglen-8575.rss,stgallertagblatt,Bürglen
TG,Weinfelden,2015,Bussnang,4921,1nmQR,https://tagblatt.ch/gemeinde/bussnang-9503.rss,stgallertagblatt,Bussnang
TG,Weinfelden,2015,Märstetten,4941,1OxZI,https://tagblatt.ch/gemeinde/maerstetten-8560.rss,stgallertagblatt,Märstetten
TG,Weinfelden,2015,Weinfelden,4946,1VK0h,https://tagblatt.ch/gemeinde/weinfelden-8570.rss,stgallertagblatt,Weinfelden
TG,Weinfelden,2015,Wigoltingen,4951,1IyXQ,https://tagblatt.ch/gemeinde/wigoltingen-8554.rss,stgallertagblatt,Wigoltingen